model,num_gpu,stage,batch,seqlen,token latency (ms),throughput (tokens/s)
DeepSeek-V2,8,Decoding,1,128,18.56419354838709,53.86713930737286
DeepSeek-V2,8,Decoding,1,256,18.68125,53.52960856473736
DeepSeek-V2,8,Decoding,1,512,18.63000000000001,53.67686527106814
DeepSeek-V2,8,Decoding,1,1024,18.629687500000006,53.67776566300426
DeepSeek-V2,8,Decoding,1,2048,20.31285156249999,49.22991717451046
DeepSeek-V2,8,Decoding,1,4096,23.93956862745099,41.771847085553645
DeepSeek-V2,8,Decoding,1,8192,30.63576470588237,32.64158768682507
DeepSeek-V2,8,Decoding,1,16384,43.35431372549015,23.065755493946394
DeepSeek-V2,8,Decoding,1,32768,18.8233203125,53.1255901402225
DeepSeek-V2,8,Decoding,1,65536,19.6694921875,50.840153394275326
DeepSeek-V2,8,Decoding,1,131072,21.14565429687504,47.29104079545
DeepSeek-V2,8,Decoding,2,128,20.68354838709677,96.69520734883578
DeepSeek-V2,8,Decoding,2,256,20.652500000000007,96.84057620142836
DeepSeek-V2,8,Decoding,2,512,20.08859375,99.55898480947675
DeepSeek-V2,8,Decoding,2,1024,19.83148437500001,100.84973783007602
DeepSeek-V2,8,Decoding,2,2048,21.50707031250002,92.99267501057965
DeepSeek-V2,8,Decoding,2,4096,24.81960784313725,80.58145046610841
DeepSeek-V2,8,Decoding,2,8192,31.370392156862763,63.75438311383904
DeepSeek-V2,8,Decoding,2,16384,44.84062745098039,44.60240887990233
DeepSeek-V2,8,Decoding,2,32768,20.25650980392157,98.73369200121576
DeepSeek-V2,8,Decoding,2,65536,22.19125490196076,90.12559266413032
DeepSeek-V2,8,Decoding,2,131072,25.49495601173027,78.44688961533399
DeepSeek-V2,8,Decoding,4,128,22.50548387096774,177.7344589849069
DeepSeek-V2,8,Decoding,4,256,22.688593750000003,176.30004063164998
DeepSeek-V2,8,Decoding,4,512,21.845781250000005,183.10171443284955
DeepSeek-V2,8,Decoding,4,1024,21.49929687500001,186.0525961968232
DeepSeek-V2,8,Decoding,4,2048,22.477578125000008,177.95511499306593
DeepSeek-V2,8,Decoding,4,4096,25.95066666666667,154.1386220007193
DeepSeek-V2,8,Decoding,4,8192,32.77117647058824,122.05848037191936
DeepSeek-V2,8,Decoding,4,16384,46.78470588235297,85.49802600145846
DeepSeek-V2,8,Decoding,4,32768,21.842901960784346,183.1258505477615
DeepSeek-V2,8,Decoding,4,65536,25.610156862745097,156.18803201548403
DeepSeek-V2,8,Decoding,4,131072,31.85107526881721,125.58445723545393
DeepSeek-V2,8,Decoding,8,128,24.370645161290327,328.26377582760847
DeepSeek-V2,8,Decoding,8,256,40.70714285714285,196.5257062642569
DeepSeek-V2,8,Decoding,8,512,23.51234375,340.2468118475004
DeepSeek-V2,8,Decoding,8,1024,22.808046874999995,350.753400492562
DeepSeek-V2,8,Decoding,8,2048,23.1142578125,346.1067218724916
DeepSeek-V2,8,Decoding,8,4096,26.3928235294118,303.1126999763747
DeepSeek-V2,8,Decoding,8,8192,33.226509803921566,240.77160216977708
DeepSeek-V2,8,Decoding,8,16384,21.860196078431365,365.961950720712
DeepSeek-V2,8,Decoding,8,32768,23.97196078431373,333.72322239217385
DeepSeek-V2,8,Decoding,8,65536,29.488627450980378,271.2910261184107
DeepSeek-V2,8,Decoding,8,131072,41.60070381231672,192.304438792486
DeepSeek-V2,8,Decoding,16,128,28.39129032258065,563.5531114721688
DeepSeek-V2,8,Decoding,16,256,29.05390625,550.7004759471887
DeepSeek-V2,8,Decoding,16,512,26.840468749999992,596.1147753799943
DeepSeek-V2,8,Decoding,16,1024,25.804453125,620.0480173904092
DeepSeek-V2,8,Decoding,16,2048,24.921132812499987,642.0253894708467
DeepSeek-V2,8,Decoding,16,4096,27.298823529411774,586.1058438200308
DeepSeek-V2,8,Decoding,16,8192,34.10752941176473,469.1046310285116
DeepSeek-V2,8,Decoding,16,16384,24.91295275590552,642.2361956355119
DeepSeek-V2,8,Decoding,16,32768,28.59376470588236,559.5625537447489
DeepSeek-V2,8,Decoding,16,65536,36.85749019607842,434.10443616430433
DeepSeek-V2,8,Decoding,16,131072,59.77173020527865,267.685073613395
DeepSeek-V2,8,Decoding,32,128,35.51741935483871,900.9663590786892
DeepSeek-V2,8,Decoding,32,256,37.417656250000014,855.2112346694614
DeepSeek-V2,8,Decoding,32,512,33.6696875,950.409771400462
DeepSeek-V2,8,Decoding,32,1024,30.963906250000026,1033.461338554465
DeepSeek-V2,8,Decoding,32,2048,27.558476562499983,1161.167233879096
DeepSeek-V2,8,Decoding,32,4096,29.74474509803921,1075.8202800033223
DeepSeek-V2,8,Decoding,32,8192,26.501062992125995,1207.4987335227968
DeepSeek-V2,8,Decoding,32,16384,36.34095652173914,880.549194704262
DeepSeek-V2,8,Decoding,32,32768,40.61772151898735,787.8334579905261
DeepSeek-V2,8,Decoding,32,65536,53.78692913385828,594.9400814529184
DeepSeek-V2,8,Decoding,64,128,41.142903225806464,1555.553813223775
DeepSeek-V2,8,Decoding,64,256,42.5196875,1505.1850980795662
DeepSeek-V2,8,Decoding,64,512,37.40875,1710.829685568216
DeepSeek-V2,8,Decoding,64,1024,35.28554687499999,1813.773787514807
DeepSeek-V2,8,Decoding,64,2048,31.26714843750001,2046.8767763689668
DeepSeek-V2,8,Decoding,64,4096,28.316692913385825,2260.150936260852
DeepSeek-V2,8,Decoding,64,8192,38.17382352941176,1676.541516746154
DeepSeek-V2,8,Decoding,64,16384,52.849336734693885,1210.9896538774549
DeepSeek-V2,8,Decoding,64,32768,65.91502824858756,970.9470161893076
DeepSeek-V2,8,Decoding,128,128,49.57129032258064,2582.139766123732
DeepSeek-V2,8,Decoding,128,256,49.11825396825397,2605.955824136761
DeepSeek-V2,8,Decoding,128,512,44.75578125,2859.965716719558
DeepSeek-V2,8,Decoding,128,1024,43.16640625000001,2965.268854179863
DeepSeek-V2,8,Decoding,128,2048,40.26204724409447,3179.172664121661
DeepSeek-V2,8,Decoding,128,4096,43.45918803418804,2945.292026609108
DeepSeek-V2,8,Decoding,128,8192,56.11858536585365,2280.884294668694
DeepSeek-V2,8,Decoding,128,16384,71.31,1794.9796662459682
DeepSeek-V2,8,Decoding,256,128,52.99428571428573,4830.709510459347
DeepSeek-V2,8,Decoding,256,256,54.94672413793104,4659.058461017097
DeepSeek-V2,8,Decoding,256,512,50.88650793650796,5030.803063150176
DeepSeek-V2,8,Decoding,256,1024,53.21503999999999,4810.670066206848
DeepSeek-V2,8,Decoding,256,2048,49.921226415094345,5128.079143556357
DeepSeek-V2,8,Decoding,256,4096,65.05237864077674,3935.2903821341856
DeepSeek-V2,8,Decoding,256,8192,81.57746913580252,3138.1213797382607
DeepSeek-V2,8,Decoding,512,128,68.7576,7446.4495561217955
DeepSeek-V2,8,Decoding,512,256,69.78870370370369,7336.4308667167315
DeepSeek-V2,8,Decoding,512,512,65.80655737704916,7780.37965223457
DeepSeek-V2,8,Decoding,512,1024,66.46,7703.882034306351
DeepSeek-V2,8,Decoding,512,2048,78.15129411764707,6551.39503165805
DeepSeek-V2,8,Decoding,512,4096,96.13165680473372,5326.029083634686
DeepSeek-V2,8,Prefill,1,128,682.7,1.4647722279185584
DeepSeek-V2,8,Prefill,1,256,209.86,4.765081482893357
DeepSeek-V2,8,Prefill,1,512,312.28,3.202254387088511
DeepSeek-V2,8,Prefill,1,1024,277.83,3.599323327214484
DeepSeek-V2,8,Prefill,1,2048,305.82,3.269897325223988
DeepSeek-V2,8,Prefill,1,4096,358.34,2.790645755427806
DeepSeek-V2,8,Prefill,1,8192,553.37,1.8071091674648063
DeepSeek-V2,8,Prefill,1,16384,925.47,1.0805320539833814
DeepSeek-V2,8,Prefill,1,32768,845.63,1.182550287950995
DeepSeek-V2,8,Prefill,1,65536,756.25,1.322314049586777
DeepSeek-V2,8,Prefill,1,131072,763.11,1.3104270681815202
DeepSeek-V2,8,Prefill,2,128,197.0,10.152284263959393
DeepSeek-V2,8,Prefill,2,256,207.43,9.6418068746083
DeepSeek-V2,8,Prefill,2,512,281.31,7.109594397639615
DeepSeek-V2,8,Prefill,2,1024,287.72,6.9512025580425405
DeepSeek-V2,8,Prefill,2,2048,350.01,5.7141224536441815
DeepSeek-V2,8,Prefill,2,4096,509.71,3.9237998077338094
DeepSeek-V2,8,Prefill,2,8192,841.81,2.375833026454901
DeepSeek-V2,8,Prefill,2,16384,2187.55,0.9142648168041873
DeepSeek-V2,8,Prefill,2,32768,780.6899999999999,2.561836324277242
DeepSeek-V2,8,Prefill,2,65536,786.31,2.5435260902188706
DeepSeek-V2,8,Prefill,2,131072,796.2099999999999,2.5119001268509566
DeepSeek-V2,8,Prefill,4,128,205.19,19.49412739412252
DeepSeek-V2,8,Prefill,4,256,199.93,20.0070024508578
DeepSeek-V2,8,Prefill,4,512,285.67,14.00217033640214
DeepSeek-V2,8,Prefill,4,1024,360.27,11.102784023093792
DeepSeek-V2,8,Prefill,4,2048,522.73,7.652133988866145
DeepSeek-V2,8,Prefill,4,4096,784.55,5.098464087693583
DeepSeek-V2,8,Prefill,4,8192,2054.09,1.9473343427016343
DeepSeek-V2,8,Prefill,4,16384,3680.06,1.086938799910871
DeepSeek-V2,8,Prefill,4,32768,787.58,5.078849132786511
DeepSeek-V2,8,Prefill,4,65536,798.4100000000001,5.009957290114102
DeepSeek-V2,8,Prefill,4,131072,822.82,4.861330546170487
DeepSeek-V2,8,Prefill,8,128,200.48,39.904229848363926
DeepSeek-V2,8,Prefill,8,256,219.5,36.44646924829157
DeepSeek-V2,8,Prefill,8,512,353.78,22.61292328565776
DeepSeek-V2,8,Prefill,8,1024,563.55,14.195723538284092
DeepSeek-V2,8,Prefill,8,2048,764.99,10.457653041216224
DeepSeek-V2,8,Prefill,8,4096,2083.77,3.839195304664144
DeepSeek-V2,8,Prefill,8,8192,3463.13,2.3100490019144533
DeepSeek-V2,8,Prefill,8,16384,784.3499999999999,10.19952827181743
DeepSeek-V2,8,Prefill,8,32768,795.13,10.061247846264132
DeepSeek-V2,8,Prefill,8,65536,814.39,9.823303331327743
DeepSeek-V2,8,Prefill,8,131072,870.96,9.185266832001467
DeepSeek-V2,8,Prefill,16,128,218.08,73.36757153338223
DeepSeek-V2,8,Prefill,16,256,337.14,47.4580293053331
DeepSeek-V2,8,Prefill,16,512,485.21,32.97541270789967
DeepSeek-V2,8,Prefill,16,1024,754.37,21.20975118310644
DeepSeek-V2,8,Prefill,16,2048,2405.89,6.650345610148428
DeepSeek-V2,8,Prefill,16,4096,3513.35,4.554058092703545
DeepSeek-V2,8,Prefill,16,8192,6632.239999999999,2.412457932764798
DeepSeek-V2,8,Prefill,16,16384,823.4300000000001,19.43091701784001
DeepSeek-V2,8,Prefill,16,32768,815.0500000000001,19.63069750322066
DeepSeek-V2,8,Prefill,16,65536,863.28,18.53396348809193
DeepSeek-V2,8,Prefill,16,131072,947.06,16.89438895106963
DeepSeek-V2,8,Prefill,32,128,327.29999999999995,97.7696303085854
DeepSeek-V2,8,Prefill,32,256,557.37,57.41249080503077
DeepSeek-V2,8,Prefill,32,512,755.07,42.3801766723615
DeepSeek-V2,8,Prefill,32,1024,2397.0799999999995,13.349575316635242
DeepSeek-V2,8,Prefill,32,2048,4154.159999999999,7.703121690064901
DeepSeek-V2,8,Prefill,32,4096,7242.009999999997,4.418662774561208
DeepSeek-V2,8,Prefill,32,8192,1016.3,31.486765718783825
DeepSeek-V2,8,Prefill,32,16384,1360.5099999999998,23.52059154287731
DeepSeek-V2,8,Prefill,32,32768,1169.86,27.35370044278803
DeepSeek-V2,8,Prefill,32,65536,1001.83,31.941546969046644
DeepSeek-V2,8,Prefill,64,128,543.23,117.81381735176628
DeepSeek-V2,8,Prefill,64,256,1016.48,62.96237997796317
DeepSeek-V2,8,Prefill,64,512,1892.52,33.81734407034008
DeepSeek-V2,8,Prefill,64,1024,4122.61,15.524146111322684
DeepSeek-V2,8,Prefill,64,2048,780.57,81.99136528434349
DeepSeek-V2,8,Prefill,64,4096,864.8,74.00555041628122
DeepSeek-V2,8,Prefill,64,8192,1632.0100000000002,39.21544598378686
DeepSeek-V2,8,Prefill,64,16384,2833.84,22.58419670835333
DeepSeek-V2,8,Prefill,64,32768,3000.7500000000005,21.32800133300008
DeepSeek-V2,8,Prefill,128,128,1004.24,127.45957141719111
DeepSeek-V2,8,Prefill,128,256,1889.52,67.74207206062916
DeepSeek-V2,8,Prefill,128,512,3607.37,35.482914145208284
DeepSeek-V2,8,Prefill,128,1024,810.86,157.85709000320648
DeepSeek-V2,8,Prefill,128,2048,849.1999999999999,150.7300989166274
DeepSeek-V2,8,Prefill,128,4096,1662.94,76.97210963714866
DeepSeek-V2,8,Prefill,128,8192,3265.74,39.19479199201407
DeepSeek-V2,8,Prefill,128,16384,6028.54,21.23233817806633
DeepSeek-V2,8,Prefill,256,128,1909.54,134.06370120552594
DeepSeek-V2,8,Prefill,256,256,3777.000000000001,67.77866031241724
DeepSeek-V2,8,Prefill,256,512,843.0,303.6773428232503
DeepSeek-V2,8,Prefill,256,1024,878.4499999999999,291.42239171267573
DeepSeek-V2,8,Prefill,256,2048,1699.1399999999996,150.66445378250177
DeepSeek-V2,8,Prefill,256,4096,3296.1400000000003,77.6666039670645
DeepSeek-V2,8,Prefill,256,8192,6375.079999999998,40.15635882216382
DeepSeek-V2,8,Prefill,512,128,3702.890000000001,138.270378002047
DeepSeek-V2,8,Prefill,512,256,541.49,945.5391604646438
DeepSeek-V2,8,Prefill,512,512,908.53,563.5477089364138
DeepSeek-V2,8,Prefill,512,1024,1644.9300000000003,311.25944569069804
DeepSeek-V2,8,Prefill,512,2048,3169.5200000000004,161.5386556954996
DeepSeek-V2,8,Prefill,512,4096,6455.819999999998,79.30828306861099
DeepSeek-V2,8,Prefill,1024,128,1830.65,559.364160270942
DeepSeek-V2,8,Prefill,1024,256,1466.87,698.0850382106117
DeepSeek-V2,8,Prefill,1024,512,2012.14,508.9109107716163
DeepSeek-V2,8,Prefill,1024,1024,3427.979999999999,298.7181955554001
DeepSeek-V2,8,Prefill,1024,2048,6964.08,147.04024077839426
DeepSeek-V2,8,Prefill,2048,128,3543.720000000001,577.9237637285111
DeepSeek-V2,8,Prefill,2048,256,7533.380000000001,271.8567230114504
DeepSeek-V2,8,Prefill,2048,512,6060.330000000001,337.9353929571492
DeepSeek-V2,8,Prefill,2048,1024,15718.400000000009,130.2931596091205
DeepSeek-V2-Lite,1,Decoding,1,128,7.031612903225808,142.21488209927514
DeepSeek-V2-Lite,1,Decoding,1,256,6.72746031746032,148.64450369251816
DeepSeek-V2-Lite,1,Decoding,1,512,6.686190476190476,149.56199700876004
DeepSeek-V2-Lite,1,Decoding,1,1024,6.7145669291338645,148.9299325710934
DeepSeek-V2-Lite,1,Decoding,1,2048,6.737647058823545,148.41976602060382
DeepSeek-V2-Lite,1,Decoding,1,4096,6.886771653543311,145.20591799867364
DeepSeek-V2-Lite,1,Decoding,1,8192,6.971850393700804,143.4339441511135
DeepSeek-V2-Lite,1,Decoding,1,16384,7.128039215686266,140.29103512777502
DeepSeek-V2-Lite,1,Decoding,1,32768,10.2240234375,97.80885246527976
DeepSeek-V2-Lite,1,Decoding,1,65536,7.738867187500029,129.2178785049083
DeepSeek-V2-Lite,1,Decoding,1,131072,8.024033203125038,124.62560593724118
DeepSeek-V2-Lite,1,Decoding,2,128,8.092666666666666,247.1373259741329
DeepSeek-V2-Lite,1,Decoding,2,256,8.124603174603177,246.16586890690627
DeepSeek-V2-Lite,1,Decoding,2,512,8.124761904761904,246.1610596647521
DeepSeek-V2-Lite,1,Decoding,2,1024,8.184724409448819,244.357647239913
DeepSeek-V2-Lite,1,Decoding,2,2048,7.989529411764712,250.32763469835496
DeepSeek-V2-Lite,1,Decoding,2,4096,8.273897637795267,241.7240444048976
DeepSeek-V2-Lite,1,Decoding,2,8192,8.358031496062988,239.29079484111668
DeepSeek-V2-Lite,1,Decoding,2,16384,7.925686274509835,252.344078573018
DeepSeek-V2-Lite,1,Decoding,2,32768,8.12294117647059,246.216235788254
DeepSeek-V2-Lite,1,Decoding,2,65536,8.848235294117627,226.03377210477385
DeepSeek-V2-Lite,1,Decoding,2,131072,10.216901270772176,195.7540693597055
DeepSeek-V2-Lite,1,Decoding,4,128,9.601333333333336,416.6088043327314
DeepSeek-V2-Lite,1,Decoding,4,256,9.689365079365077,412.8237471946006
DeepSeek-V2-Lite,1,Decoding,4,512,9.12269841269841,438.4667583038993
DeepSeek-V2-Lite,1,Decoding,4,1024,8.233070866141729,485.8454475899008
DeepSeek-V2-Lite,1,Decoding,4,2048,8.324313725490196,480.5200923352335
DeepSeek-V2-Lite,1,Decoding,4,4096,8.293307086614167,482.3166389746028
DeepSeek-V2-Lite,1,Decoding,4,8192,8.489251968503932,471.18403539445455
DeepSeek-V2-Lite,1,Decoding,4,16384,8.059176470588207,496.3286279433035
DeepSeek-V2-Lite,1,Decoding,4,32768,8.51635294117647,469.6846205915264
DeepSeek-V2-Lite,1,Decoding,4,65536,10.183254901960806,392.8017160043585
DeepSeek-V2-Lite,1,Decoding,4,131072,12.55086999022487,318.7030064940011
DeepSeek-V2-Lite,1,Decoding,8,128,11.109333333333332,720.1152184349496
DeepSeek-V2-Lite,1,Decoding,8,256,11.336984126984124,705.6550410932055
DeepSeek-V2-Lite,1,Decoding,8,512,10.2484126984127,780.6086889181445
DeepSeek-V2-Lite,1,Decoding,8,1024,9.131023622047245,876.1339726121902
DeepSeek-V2-Lite,1,Decoding,8,2048,8.488117647058823,942.4940054609212
DeepSeek-V2-Lite,1,Decoding,8,4096,8.579724409448817,932.430882184238
DeepSeek-V2-Lite,1,Decoding,8,8192,8.889488188976381,899.9393249569293
DeepSeek-V2-Lite,1,Decoding,8,16384,8.564235294117626,934.1172591900676
DeepSeek-V2-Lite,1,Decoding,8,32768,9.40737254901962,850.3968518642021
DeepSeek-V2-Lite,1,Decoding,8,65536,11.82082352941177,676.7717985210543
DeepSeek-V2-Lite,1,Decoding,8,131072,16.40377321603128,487.6926725725312
DeepSeek-V2-Lite,1,Decoding,16,128,12.491999999999996,1280.8197246237594
DeepSeek-V2-Lite,1,Decoding,16,256,13.240634920634925,1208.401265944183
DeepSeek-V2-Lite,1,Decoding,16,512,11.631111111111112,1375.620940007642
DeepSeek-V2-Lite,1,Decoding,16,1024,10.322755905511812,1549.973684009794
DeepSeek-V2-Lite,1,Decoding,16,2048,10.5001185770751,1523.7923155394444
DeepSeek-V2-Lite,1,Decoding,16,4096,11.995483870967735,1333.8353143656225
DeepSeek-V2-Lite,1,Decoding,16,8192,12.928458333333332,1237.5798867485491
DeepSeek-V2-Lite,1,Decoding,16,16384,13.585580357142865,1177.719286139124
DeepSeek-V2-Lite,1,Decoding,16,32768,14.746108597285067,1085.032020105005
DeepSeek-V2-Lite,1,Decoding,16,65536,16.937553648068672,944.6464544083922
DeepSeek-V2-Lite,1,Decoding,32,128,14.604666666666663,2191.080476560004
DeepSeek-V2-Lite,1,Decoding,32,256,15.270322580645164,2095.56804258735
DeepSeek-V2-Lite,1,Decoding,32,512,12.99476190476191,2462.53069002162
DeepSeek-V2-Lite,1,Decoding,32,1024,12.812439024390248,2497.572861738782
DeepSeek-V2-Lite,1,Decoding,32,2048,13.453265306122448,2378.6046934967617
DeepSeek-V2-Lite,1,Decoding,32,4096,15.338765957446816,2086.217371643533
DeepSeek-V2-Lite,1,Decoding,32,8192,16.404511627906977,1950.6828807730149
DeepSeek-V2-Lite,1,Decoding,32,16384,17.962320441988947,1781.507022065835
DeepSeek-V2-Lite,1,Decoding,32,32768,21.224117647058826,1507.7187439372522
DeepSeek-V2-Lite,1,Decoding,64,128,16.354137931034483,3913.382672317456
DeepSeek-V2-Lite,1,Decoding,64,256,17.235333333333326,3713.302131280704
DeepSeek-V2-Lite,1,Decoding,64,512,15.77586206896552,4056.830601092896
DeepSeek-V2-Lite,1,Decoding,64,1024,16.197068965517236,3951.3321907965487
DeepSeek-V2-Lite,1,Decoding,64,2048,16.111072961373402,3972.423199462953
DeepSeek-V2-Lite,1,Decoding,64,4096,18.13566037735847,3528.958894703445
DeepSeek-V2-Lite,1,Decoding,64,8192,20.129248554913296,3179.453014622268
DeepSeek-V2-Lite,1,Decoding,64,16384,23.306039603960382,2746.069305963271
DeepSeek-V2-Lite,1,Decoding,128,128,21.26678571428572,6018.775085226794
DeepSeek-V2-Lite,1,Decoding,128,256,21.6971186440678,5899.400842101973
DeepSeek-V2-Lite,1,Decoding,128,512,20.32481481481481,6297.72035643348
DeepSeek-V2-Lite,1,Decoding,128,1024,21.53148148148148,5944.783693128065
DeepSeek-V2-Lite,1,Decoding,128,2048,22.676527777777764,5644.60314446534
DeepSeek-V2-Lite,1,Decoding,128,4096,24.49494382022472,5225.568220912365
DeepSeek-V2-Lite,1,Decoding,128,8192,27.96508771929825,4577.13565159566
DeepSeek-V2-Lite,1,Decoding,256,128,25.468846153846155,10051.495794258446
DeepSeek-V2-Lite,1,Decoding,256,256,25.849259259259263,9903.57199146046
DeepSeek-V2-Lite,1,Decoding,256,512,25.695,9963.027826425376
DeepSeek-V2-Lite,1,Decoding,256,1024,27.17065934065934,9421.92814647345
DeepSeek-V2-Lite,1,Decoding,256,2048,28.87834224598929,8864.77477894542
DeepSeek-V2-Lite,1,Decoding,256,4096,31.774560000000022,8056.759873307444
DeepSeek-V2-Lite,1,Decoding,512,128,33.63272727272727,15223.267380257324
DeepSeek-V2-Lite,1,Decoding,512,256,34.33276595744681,14912.867801988052
DeepSeek-V2-Lite,1,Decoding,512,512,35.47515151515152,14432.637441487
DeepSeek-V2-Lite,1,Decoding,512,1024,37.63808823529412,13603.241397364216
DeepSeek-V2-Lite,1,Decoding,512,2048,41.1994366197183,12427.35440112678
DeepSeek-V2-Lite,1,Decoding,1024,128,50.236666666666665,20383.51801473028
DeepSeek-V2-Lite,1,Decoding,1024,256,51.23631578947369,19985.824199529525
DeepSeek-V2-Lite,1,Decoding,1024,512,53.27848484848486,19219.7657818552
DeepSeek-V2-Lite,1,Decoding,1024,1024,56.62999999999997,18082.28853964331
DeepSeek-V2-Lite,1,Decoding,1024,2048,63.342734375000006,16166.021408828705
DeepSeek-V2-Lite,1,Decoding,2048,128,84.68727272727273,24183.090729528965
DeepSeek-V2-Lite,1,Decoding,2048,256,86.44909090909091,23690.24333817065
DeepSeek-V2-Lite,1,Decoding,2048,512,89.98000000000002,22760.61346965992
DeepSeek-V2-Lite,1,Decoding,2048,1024,95.88061538461535,21359.89628127287
DeepSeek-V2-Lite,2,Decoding,1,128,7.074516129032259,141.35242351009987
DeepSeek-V2-Lite,2,Decoding,1,256,6.82746031746032,146.46734708111495
DeepSeek-V2-Lite,2,Decoding,1,512,6.959375000000001,143.6910642119443
DeepSeek-V2-Lite,2,Decoding,1,1024,6.908281250000007,144.7538054418382
DeepSeek-V2-Lite,2,Decoding,1,2048,6.923984375000002,144.42551366964918
DeepSeek-V2-Lite,2,Decoding,1,4096,7.077047244094467,141.30186863376713
DeepSeek-V2-Lite,2,Decoding,1,8192,7.135960784313699,140.13529925755822
DeepSeek-V2-Lite,2,Decoding,1,16384,7.276509803921558,137.4285236942945
DeepSeek-V2-Lite,2,Decoding,1,32768,9.40382812499999,106.3396721747295
DeepSeek-V2-Lite,2,Decoding,1,65536,7.921367187500037,126.24083397850887
DeepSeek-V2-Lite,2,Decoding,1,131072,8.436777343750009,118.5286702796303
DeepSeek-V2-Lite,2,Decoding,2,128,8.126999999999999,246.09326934908333
DeepSeek-V2-Lite,2,Decoding,2,256,8.043809523809525,248.6384087141842
DeepSeek-V2-Lite,2,Decoding,2,512,8.078888888888887,247.55879521386333
DeepSeek-V2-Lite,2,Decoding,2,1024,8.156614173228345,245.19977989941023
DeepSeek-V2-Lite,2,Decoding,2,2048,8.143019607843117,245.60913473346653
DeepSeek-V2-Lite,2,Decoding,2,4096,8.209251968503958,243.6275567704955
DeepSeek-V2-Lite,2,Decoding,2,8192,8.307598425196842,240.74346130333225
DeepSeek-V2-Lite,2,Decoding,2,16384,8.291411764705863,241.21344552123443
DeepSeek-V2-Lite,2,Decoding,2,32768,8.553764705882335,233.81517598030496
DeepSeek-V2-Lite,2,Decoding,2,65536,9.469607843137268,211.20198778341413
DeepSeek-V2-Lite,2,Decoding,2,131072,10.601114369501492,188.6594116703269
DeepSeek-V2-Lite,2,Decoding,4,128,8.705000000000002,459.50603101665695
DeepSeek-V2-Lite,2,Decoding,4,256,8.814761904761903,453.78423639997845
DeepSeek-V2-Lite,2,Decoding,4,512,8.620634920634922,464.002946050451
DeepSeek-V2-Lite,2,Decoding,4,1024,8.387401574803151,476.9057453999248
DeepSeek-V2-Lite,2,Decoding,4,2048,8.296980392156847,482.1031038932198
DeepSeek-V2-Lite,2,Decoding,4,4096,8.330984251968482,480.13534523905287
DeepSeek-V2-Lite,2,Decoding,4,8192,8.479488188976394,471.7265843002327
DeepSeek-V2-Lite,2,Decoding,4,16384,8.455058823529436,473.08955306951503
DeepSeek-V2-Lite,2,Decoding,4,32768,9.179333333333354,435.7614932093824
DeepSeek-V2-Lite,2,Decoding,4,65536,10.692941176470596,374.07855649686405
DeepSeek-V2-Lite,2,Decoding,4,131072,12.98350928641248,308.0831161869376
DeepSeek-V2-Lite,2,Decoding,8,128,9.907666666666666,807.4555058372306
DeepSeek-V2-Lite,2,Decoding,8,256,10.303968253968252,776.3999075714397
DeepSeek-V2-Lite,2,Decoding,8,512,9.583492063492065,834.7687822976015
DeepSeek-V2-Lite,2,Decoding,8,1024,8.82244094488189,906.7785264848944
DeepSeek-V2-Lite,2,Decoding,8,2048,8.718901960784317,917.546731914434
DeepSeek-V2-Lite,2,Decoding,8,4096,8.656771653543311,924.1320344548436
DeepSeek-V2-Lite,2,Decoding,8,8192,8.985511811023622,890.3221283606155
DeepSeek-V2-Lite,2,Decoding,8,16384,9.76065040650407,819.6175118278134
DeepSeek-V2-Lite,2,Decoding,8,32768,10.160588235294131,787.3559891159603
DeepSeek-V2-Lite,2,Decoding,8,65536,12.630784313725506,633.3731778878238
DeepSeek-V2-Lite,2,Decoding,8,131072,17.285347018572832,462.81975082155583
DeepSeek-V2-Lite,2,Decoding,16,128,11.018333333333334,1452.1252458024503
DeepSeek-V2-Lite,2,Decoding,16,256,11.398412698412695,1403.7042194680407
DeepSeek-V2-Lite,2,Decoding,16,512,10.316507936507936,1550.9123919130998
DeepSeek-V2-Lite,2,Decoding,16,1024,10.024330708661417,1596.1165353588517
DeepSeek-V2-Lite,2,Decoding,16,2048,9.279137254901956,1724.2982359752862
DeepSeek-V2-Lite,2,Decoding,16,4096,9.219724409448824,1735.4097898633952
DeepSeek-V2-Lite,2,Decoding,16,8192,9.477322834645676,1688.2404745683843
DeepSeek-V2-Lite,2,Decoding,16,16384,13.0689400921659,1224.2767881070254
DeepSeek-V2-Lite,2,Decoding,16,32768,14.231388888888889,1124.2753693908223
DeepSeek-V2-Lite,2,Decoding,16,65536,18.03702970297029,887.0640157212338
DeepSeek-V2-Lite,2,Decoding,32,128,12.067666666666668,2651.7139463580365
DeepSeek-V2-Lite,2,Decoding,32,256,12.513870967741942,2557.16237465522
DeepSeek-V2-Lite,2,Decoding,32,512,11.401746031746034,2806.5876849828064
DeepSeek-V2-Lite,2,Decoding,32,1024,11.207952755905517,2855.115532418627
DeepSeek-V2-Lite,2,Decoding,32,2048,10.917411764705871,2931.097652966662
DeepSeek-V2-Lite,2,Decoding,32,4096,10.443070866141731,3064.232773115579
DeepSeek-V2-Lite,2,Decoding,32,8192,11.35311023622045,2818.610877036025
DeepSeek-V2-Lite,2,Decoding,32,16384,16.269316770186336,1966.8926760735444
DeepSeek-V2-Lite,2,Decoding,32,32768,20.10061538461541,1591.9910603578903
DeepSeek-V2-Lite,2,Decoding,64,128,13.614137931034485,4700.995415516324
DeepSeek-V2-Lite,2,Decoding,64,256,14.253000000000004,4490.282747491755
DeepSeek-V2-Lite,2,Decoding,64,512,13.174444444444449,4857.889854094627
DeepSeek-V2-Lite,2,Decoding,64,1024,12.805905511811032,4997.6942232606725
DeepSeek-V2-Lite,2,Decoding,64,2048,12.457294117647042,5137.552296315891
DeepSeek-V2-Lite,2,Decoding,64,4096,13.74619999999999,4655.832157250735
DeepSeek-V2-Lite,2,Decoding,64,8192,17.01418502202643,3761.56718156915
DeepSeek-V2-Lite,2,Decoding,64,16384,21.99150000000001,2910.2153104608587
DeepSeek-V2-Lite,2,Decoding,128,128,17.234642857142855,7426.901796630542
DeepSeek-V2-Lite,2,Decoding,128,256,17.55620689655172,7290.86873686485
DeepSeek-V2-Lite,2,Decoding,128,512,15.721904761904764,8141.50714804943
DeepSeek-V2-Lite,2,Decoding,128,1024,16.32385826771653,7841.283469922294
DeepSeek-V2-Lite,2,Decoding,128,2048,16.99509960159362,7531.582809199749
DeepSeek-V2-Lite,2,Decoding,128,4096,21.16676328502414,6047.216491080726
DeepSeek-V2-Lite,2,Decoding,128,8192,25.403353658536577,5038.704799395126
DeepSeek-V2-Lite,2,Decoding,256,128,20.659199999999995,12391.573729863696
DeepSeek-V2-Lite,2,Decoding,256,256,21.348679245283023,11991.37412945876
DeepSeek-V2-Lite,2,Decoding,256,512,20.06095238095238,12761.109001139384
DeepSeek-V2-Lite,2,Decoding,256,1024,21.86239669421488,11709.603644130266
DeepSeek-V2-Lite,2,Decoding,256,2048,24.6619534883721,10380.361803889617
DeepSeek-V2-Lite,2,Decoding,256,4096,28.96709459459461,8837.613974850305
DeepSeek-V2-Lite,2,Decoding,512,128,28.87047619047619,17734.380154384115
DeepSeek-V2-Lite,2,Decoding,512,256,29.38733333333334,17422.472266963086
DeepSeek-V2-Lite,2,Decoding,512,512,28.89129032258065,17721.603787278225
DeepSeek-V2-Lite,2,Decoding,512,1024,32.67250000000001,15670.671053638378
DeepSeek-V2-Lite,2,Decoding,512,2048,37.13646706586824,13786.987305278
DeepSeek-V2-Lite,2,Decoding,1024,128,46.654500000000006,21948.579451071168
DeepSeek-V2-Lite,2,Decoding,1024,256,47.50238095238097,21556.814194777195
DeepSeek-V2-Lite,2,Decoding,1024,512,49.25,20791.87817258884
DeepSeek-V2-Lite,2,Decoding,1024,1024,54.21666666666667,18887.18106363357
DeepSeek-V2-Lite,2,Decoding,1024,2048,61.54937007874017,16637.050853485518
DeepSeek-V2-Lite,2,Decoding,2048,128,80.93750000000003,25303.474903474897
DeepSeek-V2-Lite,2,Decoding,2048,256,82.11800000000001,24939.72088945176
DeepSeek-V2-Lite,2,Decoding,2048,512,87.33125,23450.941100694195
DeepSeek-V2-Lite,2,Decoding,2048,1024,95.55460317460316,21432.77175520022
DeepSeek-V2-Lite,4,Decoding,1,128,6.9675,143.52350197344813
DeepSeek-V2-Lite,4,Decoding,1,256,6.992343750000002,143.01356394270516
DeepSeek-V2-Lite,4,Decoding,1,512,6.99921875,142.87308851434312
DeepSeek-V2-Lite,4,Decoding,1,1024,6.9650781250000025,143.57340751292716
DeepSeek-V2-Lite,4,Decoding,1,2048,6.903671874999993,144.85045322348856
DeepSeek-V2-Lite,4,Decoding,1,4096,6.89149019607843,145.10649678774053
DeepSeek-V2-Lite,4,Decoding,1,8192,6.852470588235264,145.93276791539398
DeepSeek-V2-Lite,4,Decoding,1,16384,7.028554687500014,142.27676164752015
DeepSeek-V2-Lite,4,Decoding,1,32768,7.118164062499975,140.48566332830342
DeepSeek-V2-Lite,4,Decoding,1,65536,7.535390625000008,132.70712160326778
DeepSeek-V2-Lite,4,Decoding,1,131072,8.134765625000018,122.9291716686672
DeepSeek-V2-Lite,4,Decoding,2,128,7.666,260.89225150013044
DeepSeek-V2-Lite,4,Decoding,2,256,7.5836507936507935,263.72522343386987
DeepSeek-V2-Lite,4,Decoding,2,512,7.721875000000002,259.0044516390125
DeepSeek-V2-Lite,4,Decoding,2,1024,7.738281249999993,258.455325593135
DeepSeek-V2-Lite,4,Decoding,2,2048,7.6152156862745155,262.6320884915647
DeepSeek-V2-Lite,4,Decoding,2,4096,7.649055118110247,261.4702037202883
DeepSeek-V2-Lite,4,Decoding,2,8192,7.736338582677192,258.5202261543072
DeepSeek-V2-Lite,4,Decoding,2,16384,7.7927450980392114,256.64896962987206
DeepSeek-V2-Lite,4,Decoding,2,32768,8.242745098039238,242.6376135877057
DeepSeek-V2-Lite,4,Decoding,2,65536,9.094666666666653,219.9091042369158
DeepSeek-V2-Lite,4,Decoding,2,131072,10.390215053763413,192.48879735897145
DeepSeek-V2-Lite,4,Decoding,4,128,7.927666666666667,504.5620821595256
DeepSeek-V2-Lite,4,Decoding,4,256,7.825555555555557,511.1458185432344
DeepSeek-V2-Lite,4,Decoding,4,512,7.89484375,506.6598056484652
DeepSeek-V2-Lite,4,Decoding,4,1024,7.992265625000004,500.4838662378664
DeepSeek-V2-Lite,4,Decoding,4,2048,7.867098039215689,508.4466953457186
DeepSeek-V2-Lite,4,Decoding,4,4096,7.835157480314933,510.5194133046603
DeepSeek-V2-Lite,4,Decoding,4,8192,8.027440944881892,498.2908036900983
DeepSeek-V2-Lite,4,Decoding,4,16384,8.009764705882368,499.3904498920425
DeepSeek-V2-Lite,4,Decoding,4,32768,8.665686274509829,461.5906776784691
DeepSeek-V2-Lite,4,Decoding,4,65536,10.345607843137245,386.637504596059
DeepSeek-V2-Lite,4,Decoding,4,131072,12.652573385518616,316.1412210877325
DeepSeek-V2-Lite,4,Decoding,8,128,8.408333333333335,951.4370664023784
DeepSeek-V2-Lite,4,Decoding,8,256,8.587619047619047,931.5736941333038
DeepSeek-V2-Lite,4,Decoding,8,512,8.751250000000002,914.1551206970432
DeepSeek-V2-Lite,4,Decoding,8,1024,8.833671874999997,905.6256688275512
DeepSeek-V2-Lite,4,Decoding,8,2048,7.911960784313718,1011.1273574384784
DeepSeek-V2-Lite,4,Decoding,8,4096,8.009763779527571,998.7810152962904
DeepSeek-V2-Lite,4,Decoding,8,8192,8.29767716535432,964.1252413871648
DeepSeek-V2-Lite,4,Decoding,8,16384,9.344449152542364,856.1232309582873
DeepSeek-V2-Lite,4,Decoding,8,32768,9.88709803921568,809.1352961474853
DeepSeek-V2-Lite,4,Decoding,8,65536,12.335294117647075,648.545541249403
DeepSeek-V2-Lite,4,Decoding,8,131072,17.11103616813294,467.5345152328618
DeepSeek-V2-Lite,4,Decoding,16,128,9.360666666666669,1709.2799658144006
DeepSeek-V2-Lite,4,Decoding,16,256,9.49095238095238,1685.8160654257188
DeepSeek-V2-Lite,4,Decoding,16,512,9.7503125,1640.9730457357136
DeepSeek-V2-Lite,4,Decoding,16,1024,9.835468749999992,1626.765374044833
DeepSeek-V2-Lite,4,Decoding,16,2048,8.605686274509798,1859.2357994030408
DeepSeek-V2-Lite,4,Decoding,16,4096,8.566062992125971,1867.8359025269128
DeepSeek-V2-Lite,4,Decoding,16,8192,8.91736220472442,1794.252564006338
DeepSeek-V2-Lite,4,Decoding,16,16384,11.375555555555554,1406.524711857785
DeepSeek-V2-Lite,4,Decoding,16,32768,13.156497461928934,1216.1291442725797
DeepSeek-V2-Lite,4,Decoding,16,65536,17.59967320261437,909.1077894345934
DeepSeek-V2-Lite,4,Decoding,32,128,10.177333333333335,3144.2421066422107
DeepSeek-V2-Lite,4,Decoding,32,256,10.37016129032258,3085.776498950152
DeepSeek-V2-Lite,4,Decoding,32,512,10.710468750000002,2987.731045851751
DeepSeek-V2-Lite,4,Decoding,32,1024,10.966562499999998,2917.960846892543
DeepSeek-V2-Lite,4,Decoding,32,2048,9.600039215686264,3333.319716831226
DeepSeek-V2-Lite,4,Decoding,32,4096,9.59606299212599,3334.7009108065954
DeepSeek-V2-Lite,4,Decoding,32,8192,11.146679999999998,2870.8099631459777
DeepSeek-V2-Lite,4,Decoding,32,16384,14.209637681159435,2251.992676944101
DeepSeek-V2-Lite,4,Decoding,32,32768,18.237157894736857,1754.6593709777017
DeepSeek-V2-Lite,4,Decoding,64,128,11.563214285714286,5534.7932174074185
DeepSeek-V2-Lite,4,Decoding,64,256,12.037627118644068,5316.662442623413
DeepSeek-V2-Lite,4,Decoding,64,512,12.729843750000006,5027.5558174074185
DeepSeek-V2-Lite,4,Decoding,64,1024,13.06195312499998,4899.726663197629
DeepSeek-V2-Lite,4,Decoding,64,2048,11.504823529411768,5562.884109989671
DeepSeek-V2-Lite,4,Decoding,64,4096,12.829836734693869,4988.372130015815
DeepSeek-V2-Lite,4,Decoding,64,8192,15.74606217616579,4064.5082741305537
DeepSeek-V2-Lite,4,Decoding,64,16384,19.809565217391302,3230.7624775031827
DeepSeek-V2-Lite,4,Decoding,128,128,13.918214285714289,9196.582073849784
DeepSeek-V2-Lite,4,Decoding,128,256,14.18561403508772,9023.225902198918
DeepSeek-V2-Lite,4,Decoding,128,512,14.667031249999996,8727.055790516573
DeepSeek-V2-Lite,4,Decoding,128,1024,15.313749999999978,8358.501346828843
DeepSeek-V2-Lite,4,Decoding,128,2048,15.107661290322577,8472.52248645475
DeepSeek-V2-Lite,4,Decoding,128,4096,17.933888888888895,7137.325361667852
DeepSeek-V2-Lite,4,Decoding,128,8192,21.98954545454546,5820.947971143311
DeepSeek-V2-Lite,4,Decoding,256,128,17.084400000000002,14984.430240453275
DeepSeek-V2-Lite,4,Decoding,256,256,17.363333333333333,14743.71280476099
DeepSeek-V2-Lite,4,Decoding,256,512,18.094843750000003,14147.676738021017
DeepSeek-V2-Lite,4,Decoding,256,1024,19.398046874999988,13197.204937674953
DeepSeek-V2-Lite,4,Decoding,256,2048,21.186811594202887,12082.988460144066
DeepSeek-V2-Lite,4,Decoding,256,4096,25.3636641221374,10093.178917968846
DeepSeek-V2-Lite,4,Decoding,512,128,24.4925,20904.358477084825
DeepSeek-V2-Lite,4,Decoding,512,256,24.920476190476187,20545.35379206237
DeepSeek-V2-Lite,4,Decoding,512,512,26.303437500000005,19465.13644842047
DeepSeek-V2-Lite,4,Decoding,512,1024,28.95671875,17681.561382019507
DeepSeek-V2-Lite,4,Decoding,512,2048,32.50948051948051,15749.251966459336
DeepSeek-V2-Lite,4,Decoding,1024,128,46.28684210526316,22122.91773267383
DeepSeek-V2-Lite,4,Decoding,1024,256,46.502500000000005,22020.32148809204
DeepSeek-V2-Lite,4,Decoding,1024,512,46.674687500000005,21939.086362388603
DeepSeek-V2-Lite,4,Decoding,1024,1024,48.71552000000002,21019.99527050105
DeepSeek-V2-Lite,4,Decoding,1024,2048,55.65921874999999,18397.671095590074
DeepSeek-V2-Lite,4,Decoding,2048,128,70.55277777777778,29027.914484822235
DeepSeek-V2-Lite,4,Decoding,2048,256,71.23875000000002,28748.398869997003
DeepSeek-V2-Lite,1,Prefill,1,128,39.24,25.4841997961264
DeepSeek-V2-Lite,1,Prefill,1,256,40.35,24.783147459727385
DeepSeek-V2-Lite,1,Prefill,1,512,45.3,22.075055187637968
DeepSeek-V2-Lite,1,Prefill,1,1024,40.77,24.52783909737552
DeepSeek-V2-Lite,1,Prefill,1,2048,58.95,16.963528413910094
DeepSeek-V2-Lite,1,Prefill,1,4096,96.94,10.315659170621004
DeepSeek-V2-Lite,1,Prefill,1,8192,185.58,5.388511693070373
DeepSeek-V2-Lite,1,Prefill,1,16384,677.23,1.4766032219482303
DeepSeek-V2-Lite,1,Prefill,1,32768,936.45,1.0678626728602705
DeepSeek-V2-Lite,1,Prefill,1,65536,2665.93,0.3751036223756813
DeepSeek-V2-Lite,1,Prefill,1,131072,411.1,2.432498175626368
DeepSeek-V2-Lite,1,Prefill,2,128,39.1,51.15089514066496
DeepSeek-V2-Lite,1,Prefill,2,256,39.85,50.18820577164366
DeepSeek-V2-Lite,1,Prefill,2,512,41.63,48.04227720393946
DeepSeek-V2-Lite,1,Prefill,2,1024,55.9,35.77817531305904
DeepSeek-V2-Lite,1,Prefill,2,2048,93.83,21.31514441010338
DeepSeek-V2-Lite,1,Prefill,2,4096,174.01,11.493592322280328
DeepSeek-V2-Lite,1,Prefill,2,8192,348.32,5.741846577859439
DeepSeek-V2-Lite,1,Prefill,2,16384,754.78,2.64977874347492
DeepSeek-V2-Lite,1,Prefill,2,32768,1861.85,1.074200392083143
DeepSeek-V2-Lite,1,Prefill,2,65536,5377.66,0.371908971560121
DeepSeek-V2-Lite,1,Prefill,2,131072,401.46,4.981816370248593
DeepSeek-V2-Lite,1,Prefill,4,128,39.84,100.4016064257028
DeepSeek-V2-Lite,1,Prefill,4,256,40.57,98.59502095144197
DeepSeek-V2-Lite,1,Prefill,4,512,55.74,71.76175098672407
DeepSeek-V2-Lite,1,Prefill,4,1024,93.93,42.58490365165548
DeepSeek-V2-Lite,1,Prefill,4,2048,168.35,23.76002376002376
DeepSeek-V2-Lite,1,Prefill,4,4096,325.78,12.278224568727364
DeepSeek-V2-Lite,1,Prefill,4,8192,672.51,5.947866946216414
DeepSeek-V2-Lite,1,Prefill,4,16384,1514.81,2.640595190155861
DeepSeek-V2-Lite,1,Prefill,4,32768,3726.14,1.073496970054802
DeepSeek-V2-Lite,1,Prefill,4,65536,10778.31,0.3711156943899368
DeepSeek-V2-Lite,1,Prefill,4,131072,413.26,9.679136621013406
DeepSeek-V2-Lite,1,Prefill,8,128,40.95,195.3601953601953
DeepSeek-V2-Lite,1,Prefill,8,256,55.21,144.90128599891324
DeepSeek-V2-Lite,1,Prefill,8,512,92.38,86.59883091578264
DeepSeek-V2-Lite,1,Prefill,8,1024,165.54,48.32668841367646
DeepSeek-V2-Lite,1,Prefill,8,2048,316.46,25.279656196675727
DeepSeek-V2-Lite,1,Prefill,8,4096,631.42,12.669855246903804
DeepSeek-V2-Lite,1,Prefill,8,8192,1346.85,5.939785425251514
DeepSeek-V2-Lite,1,Prefill,8,16384,3015.35,2.6530916808993985
DeepSeek-V2-Lite,1,Prefill,8,32768,7424.33,1.0775383098542224
DeepSeek-V2-Lite,1,Prefill,8,65536,21508.61,0.371944072629519
DeepSeek-V2-Lite,1,Prefill,8,131072,430.2,18.596001859600182
DeepSeek-V2-Lite,1,Prefill,16,128,54.99,290.96199308965265
DeepSeek-V2-Lite,1,Prefill,16,256,91.05,175.72762218561232
DeepSeek-V2-Lite,1,Prefill,16,512,163.5,97.85932721712538
DeepSeek-V2-Lite,1,Prefill,16,1024,309.72,51.65956347668861
DeepSeek-V2-Lite,1,Prefill,16,2048,609.64,26.244997047437835
DeepSeek-V2-Lite,1,Prefill,16,4096,1260.82,12.6901540267445
DeepSeek-V2-Lite,1,Prefill,16,8192,2679.32,5.971664452174432
DeepSeek-V2-Lite,1,Prefill,16,16384,6023.360000000001,2.6563247091324445
DeepSeek-V2-Lite,1,Prefill,16,32768,14866.73,1.0762285990261475
DeepSeek-V2-Lite,1,Prefill,16,65536,480.76,33.28063898826858
DeepSeek-V2-Lite,1,Prefill,32,128,91.01,351.6097132183276
DeepSeek-V2-Lite,1,Prefill,32,256,162.81,196.5481235796327
DeepSeek-V2-Lite,1,Prefill,32,512,307.66,104.0109211467204
DeepSeek-V2-Lite,1,Prefill,32,1024,898.26,35.624429452497054
DeepSeek-V2-Lite,1,Prefill,32,2048,1221.06,26.206738407613056
DeepSeek-V2-Lite,1,Prefill,32,4096,2512.45,12.736571872077056
DeepSeek-V2-Lite,1,Prefill,32,8192,5351.12,5.980056511534034
DeepSeek-V2-Lite,1,Prefill,32,16384,12045.64,2.6565628725414343
DeepSeek-V2-Lite,1,Prefill,32,32768,828.1900000000003,38.63847667805695
DeepSeek-V2-Lite,1,Prefill,64,128,162.34,394.2343230257484
DeepSeek-V2-Lite,1,Prefill,64,256,307.53,208.1097779078464
DeepSeek-V2-Lite,1,Prefill,64,512,595.29,107.5106250734936
DeepSeek-V2-Lite,1,Prefill,64,1024,1198.04,53.42058695869921
DeepSeek-V2-Lite,1,Prefill,64,2048,2429.72,26.340483677131527
DeepSeek-V2-Lite,1,Prefill,64,4096,5018.86,12.751899833826805
DeepSeek-V2-Lite,1,Prefill,64,8192,10702.35,5.9799950478166
DeepSeek-V2-Lite,1,Prefill,64,16384,1491.6799999999996,42.90464442775932
DeepSeek-V2-Lite,1,Prefill,128,128,307.97,415.6248985290775
DeepSeek-V2-Lite,1,Prefill,128,256,595.47,214.9562530438141
DeepSeek-V2-Lite,1,Prefill,128,512,1193.77,107.2233344781658
DeepSeek-V2-Lite,1,Prefill,128,1024,2387.77,53.60650313891203
DeepSeek-V2-Lite,1,Prefill,128,2048,4859.07,26.342489406409044
DeepSeek-V2-Lite,1,Prefill,128,4096,10038.71,12.750642263796845
DeepSeek-V2-Lite,1,Prefill,128,8192,2764.66,46.29864070084568
DeepSeek-V2-Lite,1,Prefill,256,128,595.45,429.92694600722143
DeepSeek-V2-Lite,1,Prefill,256,256,1197.88,213.7108892376532
DeepSeek-V2-Lite,1,Prefill,256,512,2376.36,107.72778535238768
DeepSeek-V2-Lite,1,Prefill,256,1024,4776.93,53.59090461865675
DeepSeek-V2-Lite,1,Prefill,256,2048,9708.15,26.36959667907892
DeepSeek-V2-Lite,1,Prefill,256,4096,3148.0199999999986,81.32095730014426
DeepSeek-V2-Lite,1,Prefill,512,128,1191.64,429.65996441878417
DeepSeek-V2-Lite,1,Prefill,512,256,2371.4,215.906215737539
DeepSeek-V2-Lite,1,Prefill,512,512,4762.56,107.5052072834778
DeepSeek-V2-Lite,1,Prefill,512,1024,13086.57,39.12407911316716
DeepSeek-V2-Lite,1,Prefill,512,2048,3170.640000000001,161.48159362147703
DeepSeek-V2-Lite,1,Prefill,1024,128,2379.78,430.2918757196043
DeepSeek-V2-Lite,1,Prefill,1024,256,4753.32,215.42837427313964
DeepSeek-V2-Lite,1,Prefill,1024,512,12455.44,82.21307316321221
DeepSeek-V2-Lite,1,Prefill,1024,1024,3117.24,328.49572057332773
DeepSeek-V2-Lite,1,Prefill,2048,128,4764.91,429.808747699327
DeepSeek-V2-Lite,1,Prefill,2048,256,12377.89,165.45630959719307
DeepSeek-V2-Lite,1,Prefill,2048,512,3167.4300000000003,646.5809820580091
DeepSeek-V2-Lite,2,Prefill,1,128,134.47,7.436602959767978
DeepSeek-V2-Lite,2,Prefill,1,256,139.28,7.179781734635267
DeepSeek-V2-Lite,2,Prefill,1,512,145.95,6.851661527920521
DeepSeek-V2-Lite,2,Prefill,1,1024,146.28,6.836204539239814
DeepSeek-V2-Lite,2,Prefill,1,2048,138.84,7.202535292422933
DeepSeek-V2-Lite,2,Prefill,1,4096,166.28,6.013952369497233
DeepSeek-V2-Lite,2,Prefill,1,8192,213.43,4.685376938574708
DeepSeek-V2-Lite,2,Prefill,1,16384,335.19,2.9833825591455594
DeepSeek-V2-Lite,2,Prefill,1,32768,635.27,1.5741338328584695
DeepSeek-V2-Lite,2,Prefill,1,65536,1575.16,0.6348561415983138
DeepSeek-V2-Lite,2,Prefill,1,131072,4888.25,0.2045721884109855
DeepSeek-V2-Lite,2,Prefill,2,128,136.5,14.652014652014651
DeepSeek-V2-Lite,2,Prefill,2,256,136.8,14.619883040935672
DeepSeek-V2-Lite,2,Prefill,2,512,142.69,14.016399187048846
DeepSeek-V2-Lite,2,Prefill,2,1024,140.5,14.234875444839856
DeepSeek-V2-Lite,2,Prefill,2,2048,158.45,12.622278321236983
DeepSeek-V2-Lite,2,Prefill,2,4096,206.12,9.703085581214827
DeepSeek-V2-Lite,2,Prefill,2,8192,311.26,6.425496369594551
DeepSeek-V2-Lite,2,Prefill,2,16384,549.12,3.642191142191142
DeepSeek-V2-Lite,2,Prefill,2,32768,1175.04,1.7020697167755994
DeepSeek-V2-Lite,2,Prefill,2,65536,3041.33,0.6576070337648332
DeepSeek-V2-Lite,2,Prefill,2,131072,9392.5,0.2129358530742613
DeepSeek-V2-Lite,2,Prefill,4,128,137.18,29.158769499927104
DeepSeek-V2-Lite,2,Prefill,4,256,136.49,29.306176276650305
DeepSeek-V2-Lite,2,Prefill,4,512,138.52,28.87669650591972
DeepSeek-V2-Lite,2,Prefill,4,1024,624.73,6.402765994909801
DeepSeek-V2-Lite,2,Prefill,4,2048,202.55,19.74821031843989
DeepSeek-V2-Lite,2,Prefill,4,4096,300.02,13.332444503699753
DeepSeek-V2-Lite,2,Prefill,4,8192,509.27,7.854379798535158
DeepSeek-V2-Lite,2,Prefill,4,16384,991.81,4.03303051995846
DeepSeek-V2-Lite,2,Prefill,4,32768,2227.85,1.7954530152389074
DeepSeek-V2-Lite,2,Prefill,4,65536,5975.52,0.6693978097303666
DeepSeek-V2-Lite,2,Prefill,4,131072,18701.51,0.2138864722688168
DeepSeek-V2-Lite,2,Prefill,8,128,140.99,56.741612880346125
DeepSeek-V2-Lite,2,Prefill,8,256,140.3,57.02066999287241
DeepSeek-V2-Lite,2,Prefill,8,512,156.84,51.0073960724305
DeepSeek-V2-Lite,2,Prefill,8,1024,201.5,39.702233250620345
DeepSeek-V2-Lite,2,Prefill,8,2048,297.15,26.92242974928488
DeepSeek-V2-Lite,2,Prefill,8,4096,484.93,16.49722640381086
DeepSeek-V2-Lite,2,Prefill,8,8192,906.16,8.828462964597865
DeepSeek-V2-Lite,2,Prefill,8,16384,1870.54,4.276839843039978
DeepSeek-V2-Lite,2,Prefill,8,32768,4353.2,1.8377285674905817
DeepSeek-V2-Lite,2,Prefill,8,65536,11890.12,0.6728275240283529
DeepSeek-V2-Lite,2,Prefill,8,131072,37373.59,0.2140548981245848
DeepSeek-V2-Lite,2,Prefill,16,128,140.07,114.22859998572144
DeepSeek-V2-Lite,2,Prefill,16,256,164.73,97.128634735628
DeepSeek-V2-Lite,2,Prefill,16,512,202.23,79.11783612718193
DeepSeek-V2-Lite,2,Prefill,16,1024,292.48,54.70459518599562
DeepSeek-V2-Lite,2,Prefill,16,2048,482.83,33.13795745914711
DeepSeek-V2-Lite,2,Prefill,16,4096,866.15,18.4725509438319
DeepSeek-V2-Lite,2,Prefill,16,8192,1708.72,9.36373425722178
DeepSeek-V2-Lite,2,Prefill,16,16384,3649.92,4.38365772400491
DeepSeek-V2-Lite,2,Prefill,16,32768,8603.03,1.8598098576896744
DeepSeek-V2-Lite,2,Prefill,16,65536,23688.52,0.6754326568312414
DeepSeek-V2-Lite,2,Prefill,32,128,160.79,199.01735182536228
DeepSeek-V2-Lite,2,Prefill,32,256,201.55,158.7695360952617
DeepSeek-V2-Lite,2,Prefill,32,512,291.93,109.61531874079402
DeepSeek-V2-Lite,2,Prefill,32,1024,471.96,67.80235613187558
DeepSeek-V2-Lite,2,Prefill,32,2048,849.91,37.65104540480757
DeepSeek-V2-Lite,2,Prefill,32,4096,1627.94,19.656744106048134
DeepSeek-V2-Lite,2,Prefill,32,8192,3317.01,9.64724254675144
DeepSeek-V2-Lite,2,Prefill,32,16384,7193.4800000000005,4.44847278368745
DeepSeek-V2-Lite,2,Prefill,32,32768,17096.100000000002,1.8717719245909883
DeepSeek-V2-Lite,2,Prefill,64,128,205.96,310.7399495047582
DeepSeek-V2-Lite,2,Prefill,64,256,292.31,218.94563990284288
DeepSeek-V2-Lite,2,Prefill,64,512,479.26,133.5392062763427
DeepSeek-V2-Lite,2,Prefill,64,1024,838.2,76.35409210212359
DeepSeek-V2-Lite,2,Prefill,64,2048,1588.45,40.29084957033586
DeepSeek-V2-Lite,2,Prefill,64,4096,3150.65,20.31326869058765
DeepSeek-V2-Lite,2,Prefill,64,8192,6533.93,9.795023821804028
DeepSeek-V2-Lite,2,Prefill,64,16384,14263.55,4.486961520799521
DeepSeek-V2-Lite,2,Prefill,128,128,294.32,434.9007882576788
DeepSeek-V2-Lite,2,Prefill,128,256,472.79,270.7333065420165
DeepSeek-V2-Lite,2,Prefill,128,512,836.7,152.98195291024263
DeepSeek-V2-Lite,2,Prefill,128,1024,1565.98,81.73795323056488
DeepSeek-V2-Lite,2,Prefill,128,2048,3085.08,41.49000998353365
DeepSeek-V2-Lite,2,Prefill,128,4096,6224.95,20.562414155936995
DeepSeek-V2-Lite,2,Prefill,128,8192,12964.03,9.873472986409318
DeepSeek-V2-Lite,2,Prefill,256,128,476.41,537.352280598644
DeepSeek-V2-Lite,2,Prefill,256,256,842.16,303.9802412843165
DeepSeek-V2-Lite,2,Prefill,256,512,1710.88,149.63059945758906
DeepSeek-V2-Lite,2,Prefill,256,1024,3045.74,84.05182320224314
DeepSeek-V2-Lite,2,Prefill,256,2048,6073.0,42.15379548822657
DeepSeek-V2-Lite,2,Prefill,256,4096,12305.82,20.80316468142716
DeepSeek-V2-Lite,2,Prefill,512,128,857.47,597.1054380911285
DeepSeek-V2-Lite,2,Prefill,512,256,1573.21,325.4492407243788
DeepSeek-V2-Lite,2,Prefill,512,512,3037.8,168.54302455724536
DeepSeek-V2-Lite,2,Prefill,512,1024,5985.16,85.5449144216696
DeepSeek-V2-Lite,2,Prefill,512,2048,13855.06,36.95400813854289
DeepSeek-V2-Lite,2,Prefill,1024,128,1702.98,601.2988995760373
DeepSeek-V2-Lite,2,Prefill,1024,256,3094.37,330.92358056728835
DeepSeek-V2-Lite,2,Prefill,1024,512,5992.28,170.88654068234462
DeepSeek-V2-Lite,2,Prefill,1024,1024,18378.11,55.71846071222775
DeepSeek-V2-Lite,2,Prefill,2048,128,3081.78,664.5510062366554
DeepSeek-V2-Lite,2,Prefill,2048,256,6019.18,340.24568130542696
DeepSeek-V2-Lite,2,Prefill,2048,512,18473.300000000003,110.862704551975
DeepSeek-V2-Lite,4,Prefill,1,128,151.44,6.603275224511358
DeepSeek-V2-Lite,4,Prefill,1,256,154.85,6.457862447529868
DeepSeek-V2-Lite,4,Prefill,1,512,225.97,4.425366199052972
DeepSeek-V2-Lite,4,Prefill,1,1024,213.99,4.673115566147951
DeepSeek-V2-Lite,4,Prefill,1,2048,245.35,4.075810067250866
DeepSeek-V2-Lite,4,Prefill,1,4096,214.92,4.652894100130281
DeepSeek-V2-Lite,4,Prefill,1,8192,253.29,3.948043744324687
DeepSeek-V2-Lite,4,Prefill,1,16384,337.6,2.962085308056872
DeepSeek-V2-Lite,4,Prefill,1,32768,756.11,1.322558886934441
DeepSeek-V2-Lite,4,Prefill,1,65536,960.97,1.0406152117131648
DeepSeek-V2-Lite,4,Prefill,1,131072,2839.94,0.3521201152137017
DeepSeek-V2-Lite,4,Prefill,2,128,136.06,14.699397324709686
DeepSeek-V2-Lite,4,Prefill,2,256,134.83,14.833494029518652
DeepSeek-V2-Lite,4,Prefill,2,512,216.58,9.23446301597562
DeepSeek-V2-Lite,4,Prefill,2,1024,215.25,9.291521486643438
DeepSeek-V2-Lite,4,Prefill,2,2048,212.76,9.400263207369806
DeepSeek-V2-Lite,4,Prefill,2,4096,249.78,8.007046200656578
DeepSeek-V2-Lite,4,Prefill,2,8192,322.44,6.202704379109291
DeepSeek-V2-Lite,4,Prefill,2,16384,489.89,4.082549143685317
DeepSeek-V2-Lite,4,Prefill,2,32768,908.09,2.202424869781629
DeepSeek-V2-Lite,4,Prefill,2,65536,1811.3,1.1041793187213604
DeepSeek-V2-Lite,4,Prefill,2,131072,5307.74,0.3768082083900115
DeepSeek-V2-Lite,4,Prefill,4,128,138.02,28.981307056948268
DeepSeek-V2-Lite,4,Prefill,4,256,137.12,29.171528588098017
DeepSeek-V2-Lite,4,Prefill,4,512,217.01,18.43233030735911
DeepSeek-V2-Lite,4,Prefill,4,1024,213.93,18.69770485672884
DeepSeek-V2-Lite,4,Prefill,4,2048,247.46,16.16422856219187
DeepSeek-V2-Lite,4,Prefill,4,4096,316.04,12.65662574357676
DeepSeek-V2-Lite,4,Prefill,4,8192,459.7,8.701326952360235
DeepSeek-V2-Lite,4,Prefill,4,16384,798.07,5.012091671156665
DeepSeek-V2-Lite,4,Prefill,4,32768,1566.67,2.5531860570509424
DeepSeek-V2-Lite,4,Prefill,4,65536,3544.96,1.1283625203105254
DeepSeek-V2-Lite,4,Prefill,4,131072,10499.35,0.3809759651787968
DeepSeek-V2-Lite,4,Prefill,8,128,136.87,58.44962373054724
DeepSeek-V2-Lite,4,Prefill,8,256,139.89,57.18779040674816
DeepSeek-V2-Lite,4,Prefill,8,512,212.38,37.66833035125718
DeepSeek-V2-Lite,4,Prefill,8,1024,244.98,32.6557269981223
DeepSeek-V2-Lite,4,Prefill,8,2048,309.93,25.81228019230149
DeepSeek-V2-Lite,4,Prefill,8,4096,446.89,17.901497012687685
DeepSeek-V2-Lite,4,Prefill,8,8192,742.75,10.770784247728038
DeepSeek-V2-Lite,4,Prefill,8,16384,1387.22,5.766929542538313
DeepSeek-V2-Lite,4,Prefill,8,32768,2992.13,2.673680622165481
DeepSeek-V2-Lite,4,Prefill,8,65536,6973.12,1.1472626313615713
DeepSeek-V2-Lite,4,Prefill,8,131072,20969.660000000003,0.3815035627663967
DeepSeek-V2-Lite,4,Prefill,16,128,141.24,113.28235627301048
DeepSeek-V2-Lite,4,Prefill,16,256,141.04,113.44299489506524
DeepSeek-V2-Lite,4,Prefill,16,512,244.52,65.43432030099787
DeepSeek-V2-Lite,4,Prefill,16,1024,308.86,51.80340607394936
DeepSeek-V2-Lite,4,Prefill,16,2048,442.61,36.14920584713405
DeepSeek-V2-Lite,4,Prefill,16,4096,715.71,22.355423285967778
DeepSeek-V2-Lite,4,Prefill,16,8192,1293.63,12.368296962810076
DeepSeek-V2-Lite,4,Prefill,16,16384,2624.62,6.096120581265098
DeepSeek-V2-Lite,4,Prefill,16,32768,5807.370000000001,2.755119787442508
DeepSeek-V2-Lite,4,Prefill,16,65536,13872.24,1.1533825827696176
DeepSeek-V2-Lite,4,Prefill,32,128,143.01,223.7605761834837
DeepSeek-V2-Lite,4,Prefill,32,256,178.41,179.36214337761336
DeepSeek-V2-Lite,4,Prefill,32,512,312.4,102.43277848911652
DeepSeek-V2-Lite,4,Prefill,32,1024,438.66,72.94943692153376
DeepSeek-V2-Lite,4,Prefill,32,2048,698.28,45.82688892707796
DeepSeek-V2-Lite,4,Prefill,32,4096,1242.24,25.75991756826378
DeepSeek-V2-Lite,4,Prefill,32,8192,2423.45,13.204316160845076
DeepSeek-V2-Lite,4,Prefill,32,16384,5044.349999999999,6.343731105097783
DeepSeek-V2-Lite,4,Prefill,32,32768,11369.07,2.8146541449740394
DeepSeek-V2-Lite,4,Prefill,64,128,176.58,362.4419526560199
DeepSeek-V2-Lite,4,Prefill,64,256,241.36,265.1640702684786
DeepSeek-V2-Lite,4,Prefill,64,512,447.69,142.95606334740555
DeepSeek-V2-Lite,4,Prefill,64,1024,708.57,90.32276274750554
DeepSeek-V2-Lite,4,Prefill,64,2048,1218.08,52.54170497832656
DeepSeek-V2-Lite,4,Prefill,64,4096,2324.2200000000003,27.53611964443985
DeepSeek-V2-Lite,4,Prefill,64,8192,4656.250000000001,13.744966442953018
DeepSeek-V2-Lite,4,Prefill,64,16384,9906.239999999998,6.4605743450592765
DeepSeek-V2-Lite,4,Prefill,128,128,240.36,532.5345315360292
DeepSeek-V2-Lite,4,Prefill,128,256,358.16,357.3821755639937
DeepSeek-V2-Lite,4,Prefill,128,512,711.63,179.8687520200104
DeepSeek-V2-Lite,4,Prefill,128,1024,1223.06,104.65553611433616
DeepSeek-V2-Lite,4,Prefill,128,2048,2303.25,55.573645935091726
DeepSeek-V2-Lite,4,Prefill,128,4096,4501.77,28.43326069523765
DeepSeek-V2-Lite,4,Prefill,128,8192,9155.97,13.979949694024771
DeepSeek-V2-Lite,4,Prefill,256,128,363.13,704.9816869991463
DeepSeek-V2-Lite,4,Prefill,256,256,610.74,419.1636375544421
DeepSeek-V2-Lite,4,Prefill,256,512,1436.98,178.15140085457
DeepSeek-V2-Lite,4,Prefill,256,1024,2442.17,104.82480744583712
DeepSeek-V2-Lite,4,Prefill,256,2048,4407.700000000001,58.08017787054472
DeepSeek-V2-Lite,4,Prefill,256,4096,8769.98,29.19048846177528
DeepSeek-V2-Lite,4,Prefill,512,128,617.48,829.17665349485
DeepSeek-V2-Lite,4,Prefill,512,256,1114.72,459.3081670733458
DeepSeek-V2-Lite,4,Prefill,512,512,2298.25,222.7782008049603
DeepSeek-V2-Lite,4,Prefill,512,1024,4567.64,112.09289698837912
DeepSeek-V2-Lite,4,Prefill,512,2048,8648.91,59.1982111040582
DeepSeek-V2-Lite,4,Prefill,1024,128,1135.08,902.1390562779716
DeepSeek-V2-Lite,4,Prefill,1024,256,2130.29,480.68572823418407
DeepSeek-V2-Lite,4,Prefill,1024,512,4425.710000000001,231.37530475336155
DeepSeek-V2-Lite,4,Prefill,1024,1024,11735.29,87.25817598031237
DeepSeek-V2-Lite,4,Prefill,2048,128,2470.2,829.0826653712251
DeepSeek-V2-Lite,4,Prefill,2048,256,10493.77,195.16341600778367
DeepSeek-V2-Lite,4,Prefill,2048,512,18732.4,109.32929042728108
Llama-3.1-70B,4,Decoding,1,128,17.80677419354838,56.15840292748321
Llama-3.1-70B,4,Decoding,1,256,17.82703125,56.09458950154698
Llama-3.1-70B,4,Decoding,1,512,17.893906250000008,55.88494686564034
Llama-3.1-70B,4,Decoding,1,1024,18.00234374999999,55.54832270103722
Llama-3.1-70B,4,Decoding,1,2048,18.13093749999998,55.15434599010676
Llama-3.1-70B,4,Decoding,1,4096,18.47166015625004,54.13698560611737
Llama-3.1-70B,4,Decoding,1,8192,19.100253906249964,52.35532495579972
Llama-3.1-70B,4,Decoding,1,16384,19.38402343750001,51.58887695448287
Llama-3.1-70B,4,Decoding,1,32768,20.196523437499973,49.51347211289078
Llama-3.1-70B,4,Decoding,1,65536,21.33736328125003,46.86614680637409
Llama-3.1-70B,4,Decoding,1,131072,23.29909623839749,42.92011972344125
Llama-3.1-70B,4,Decoding,2,128,18.0583870967742,110.75186223897389
Llama-3.1-70B,4,Decoding,2,256,18.0728125,110.6634620372452
Llama-3.1-70B,4,Decoding,2,512,18.14218750000001,110.24028938075956
Llama-3.1-70B,4,Decoding,2,1024,18.28218749999999,109.3960993453328
Llama-3.1-70B,4,Decoding,2,2048,18.595294117647065,107.55409338225986
Llama-3.1-70B,4,Decoding,2,4096,18.83501960784312,106.1851827946692
Llama-3.1-70B,4,Decoding,2,8192,19.62962598425193,101.88681137401804
Llama-3.1-70B,4,Decoding,2,16384,19.818472222222205,100.9159524293414
Llama-3.1-70B,4,Decoding,2,32768,20.882036290322624,95.7761001941588
Llama-3.1-70B,4,Decoding,2,65536,22.61260416666673,88.44624817464423
Llama-3.1-70B,4,Decoding,2,131072,26.203534932220933,76.3255799331379
Llama-3.1-70B,4,Decoding,4,128,18.282903225806454,218.78363357270143
Llama-3.1-70B,4,Decoding,4,256,18.32015625,218.3387491577753
Llama-3.1-70B,4,Decoding,4,512,18.37875,217.64265796096043
Llama-3.1-70B,4,Decoding,4,1024,18.549921259842503,215.6343384949744
Llama-3.1-70B,4,Decoding,4,2048,18.841660079051383,212.29551871850703
Llama-3.1-70B,4,Decoding,4,4096,19.157667984189725,208.7936800711384
Llama-3.1-70B,4,Decoding,4,8192,19.67070000000001,203.3481269095659
Llama-3.1-70B,4,Decoding,4,16384,20.6377663934426,193.81942424113063
Llama-3.1-70B,4,Decoding,4,32768,22.50189655172421,177.76279394074004
Llama-3.1-70B,4,Decoding,4,65536,26.10100961538461,153.25077684513386
Llama-3.1-70B,4,Decoding,8,128,18.857419354838708,424.23620377022826
Llama-3.1-70B,4,Decoding,8,256,18.874375,423.8550945395544
Llama-3.1-70B,4,Decoding,8,512,19.020634920634915,420.5958441124928
Llama-3.1-70B,4,Decoding,8,1024,19.170160000000003,417.315244108552
Llama-3.1-70B,4,Decoding,8,2048,19.51734939759038,409.8917243848534
Llama-3.1-70B,4,Decoding,8,4096,20.16447791164659,396.7372740843126
Llama-3.1-70B,4,Decoding,8,8192,21.18245867768595,377.6709834173957
Llama-3.1-70B,4,Decoding,8,16384,22.84265350877198,350.22200888035445
Llama-3.1-70B,4,Decoding,8,32768,26.115900000000007,306.3267970853004
Llama-3.1-70B,4,Decoding,16,128,19.490322580645163,820.9202250910295
Llama-3.1-70B,4,Decoding,16,256,19.527936507936506,819.3390015118758
Llama-3.1-70B,4,Decoding,16,512,19.66934426229508,813.4485718810168
Llama-3.1-70B,4,Decoding,16,1024,19.930165289256188,802.8031763803367
Llama-3.1-70B,4,Decoding,16,2048,20.29439834024896,788.394892607776
Llama-3.1-70B,4,Decoding,16,4096,21.99688796680503,727.3756189577913
Llama-3.1-70B,4,Decoding,16,8192,23.283517699115045,687.1813875704927
Llama-3.1-70B,4,Decoding,16,16384,26.81145408163264,596.7598755101054
Llama-3.1-70B,4,Decoding,32,128,21.488275862068964,1489.184158161628
Llama-3.1-70B,4,Decoding,32,256,21.51032786885247,1487.657472963806
Llama-3.1-70B,4,Decoding,32,512,21.83017543859648,1465.8608718014666
Llama-3.1-70B,4,Decoding,32,1024,22.263539823008863,1437.3275882628836
Llama-3.1-70B,4,Decoding,32,2048,23.15662222222221,1381.894116201941
Llama-3.1-70B,4,Decoding,32,4096,25.03142538975499,1278.3930400182944
Llama-3.1-70B,4,Decoding,32,8192,28.620077519379866,1118.0962028607871
Llama-3.1-70B,4,Decoding,64,128,22.78037037037037,2809.4363243208086
Llama-3.1-70B,4,Decoding,64,256,22.96543859649124,2786.796330107025
Llama-3.1-70B,4,Decoding,64,512,23.42612244897959,2731.992891242988
Llama-3.1-70B,4,Decoding,64,1024,24.379687499999992,2625.136191757996
Llama-3.1-70B,4,Decoding,64,2048,26.19601036269431,2443.1201207319064
Llama-3.1-70B,4,Decoding,64,4096,29.87981818181818,2141.913970512173
Llama-3.1-70B,4,Decoding,128,128,26.81739130434784,4773.022049286639
Llama-3.1-70B,4,Decoding,128,256,27.073061224489777,4727.9470518174585
Llama-3.1-70B,4,Decoding,128,512,27.9429411764706,4580.763320211354
Llama-3.1-70B,4,Decoding,128,1024,29.74409090909091,4303.375766003943
Llama-3.1-70B,4,Decoding,128,2048,33.311076923076925,3842.565651527328
Llama-3.1-70B,4,Decoding,256,128,37.09642857142857,6900.933859632234
Llama-3.1-70B,4,Decoding,256,256,37.3535294117647,6853.435378970412
Llama-3.1-70B,4,Decoding,256,512,39.163823529411765,6536.6447126324565
Llama-3.1-70B,4,Decoding,256,1024,42.736060606060605,5990.257322961945
Llama-3.1-70B,4,Decoding,512,256,65.42242424242426,7826.062790072905
Llama-3.1-70B,4,Decoding,512,512,69.10470588235295,7409.046800251962
Llama-3.1-70B,4,Decoding,1024,128,121.04460317460315,8459.691495067409
Llama-3.1-70B,4,Decoding,1024,256,124.5685714285714,8220.372026881352
Llama-3.1-70B,8,Decoding,1,128,11.858387096774194,84.32850031283152
Llama-3.1-70B,8,Decoding,1,256,11.828437500000003,84.54202002589096
Llama-3.1-70B,8,Decoding,1,512,11.907656249999995,83.97958246401346
Llama-3.1-70B,8,Decoding,1,1024,12.021562499999984,83.18386233070795
Llama-3.1-70B,8,Decoding,1,2048,12.138515624999982,82.38239591177371
Llama-3.1-70B,8,Decoding,1,4096,12.424453124999983,80.4864399212743
Llama-3.1-70B,8,Decoding,1,8192,12.963906249999992,77.13724403090316
Llama-3.1-70B,8,Decoding,1,16384,13.163476562499993,75.96777304627807
Llama-3.1-70B,8,Decoding,1,32768,13.70277343749997,72.97792702777453
Llama-3.1-70B,8,Decoding,1,65536,14.44708984374999,69.21809241967257
Llama-3.1-70B,8,Decoding,1,131072,15.707948216902873,63.66203823640879
Llama-3.1-70B,8,Decoding,1,262144,18.36295210166175,54.45747472757963
Llama-3.1-70B,8,Decoding,1,524288,22.615650048875896,44.21716810433687
Llama-3.1-70B,8,Decoding,1,1048576,31.65585532746821,31.589732441450938
Llama-3.1-70B,8,Decoding,2,128,12.186774193548384,164.11233754202073
Llama-3.1-70B,8,Decoding,2,256,12.15984375,164.47579764337024
Llama-3.1-70B,8,Decoding,2,512,12.216875,163.7079858801862
Llama-3.1-70B,8,Decoding,2,1024,12.376640625000002,161.5947380713415
Llama-3.1-70B,8,Decoding,2,2048,12.485098039215677,160.1909727675348
Llama-3.1-70B,8,Decoding,2,4096,12.756176470588231,156.78679301837636
Llama-3.1-70B,8,Decoding,2,8192,13.443858267716548,148.76681680010762
Llama-3.1-70B,8,Decoding,2,16384,13.670595238095231,146.29940870655653
Llama-3.1-70B,8,Decoding,2,32768,14.450645161290304,138.40212514230882
Llama-3.1-70B,8,Decoding,2,65536,15.660187499999996,127.71239169390536
Llama-3.1-70B,8,Decoding,2,131072,17.903482794577684,111.71010819222992
Llama-3.1-70B,8,Decoding,2,262144,22.752841163310947,87.90111026771498
Llama-3.1-70B,8,Decoding,2,524288,29.80552219321151,67.10165945207022
Llama-3.1-70B,8,Decoding,4,128,12.469032258064518,320.79474310550006
Llama-3.1-70B,8,Decoding,4,256,12.40593750000001,322.42625758835214
Llama-3.1-70B,8,Decoding,4,512,12.497187500000004,320.0720162036457
Llama-3.1-70B,8,Decoding,4,1024,12.690000000000015,315.2088258471233
Llama-3.1-70B,8,Decoding,4,2048,12.802411067193695,312.4411471406381
Llama-3.1-70B,8,Decoding,4,4096,13.171877470355724,303.67728586925386
Llama-3.1-70B,8,Decoding,4,8192,13.685959999999982,292.27032667054453
Llama-3.1-70B,8,Decoding,4,16384,14.242930327868857,280.8410845184913
Llama-3.1-70B,8,Decoding,4,32768,15.271896551724142,261.9190083204443
Llama-3.1-70B,8,Decoding,4,65536,17.31939903846157,230.9548957857667
Llama-3.1-70B,8,Decoding,4,131072,21.20323511725792,188.6504572476436
Llama-3.1-70B,8,Decoding,4,262144,28.87664050235481,138.5202686466873
Llama-3.1-70B,8,Decoding,8,128,12.980967741935483,616.2868715986184
Llama-3.1-70B,8,Decoding,8,256,12.984843750000003,616.102908438925
Llama-3.1-70B,8,Decoding,8,512,13.128095238095234,609.3801008378979
Llama-3.1-70B,8,Decoding,8,1024,13.232799999999996,604.5583701106343
Llama-3.1-70B,8,Decoding,8,2048,13.483413654618472,593.3215582435062
Llama-3.1-70B,8,Decoding,8,4096,13.844799196787164,577.8343106526592
Llama-3.1-70B,8,Decoding,8,8192,14.297396694214893,559.5424237782403
Llama-3.1-70B,8,Decoding,8,16384,15.326929824561422,521.9571102348228
Llama-3.1-70B,8,Decoding,8,32768,17.411249999999985,459.4730418551228
Llama-3.1-70B,8,Decoding,8,65536,21.26569444444443,376.1927465336061
Llama-3.1-70B,8,Decoding,8,131072,29.0356981786644,275.52290806902136
Llama-3.1-70B,8,Decoding,16,128,14.57096774193548,1098.0739428824445
Llama-3.1-70B,8,Decoding,16,256,14.630158730158726,1093.6313334056638
Llama-3.1-70B,8,Decoding,16,512,14.781639344262292,1082.4239197941622
Llama-3.1-70B,8,Decoding,16,1024,14.968099173553702,1068.9400046379642
Llama-3.1-70B,8,Decoding,16,2048,15.246431535269718,1049.425891100291
Llama-3.1-70B,8,Decoding,16,4096,16.01489626556017,999.0698493881472
Llama-3.1-70B,8,Decoding,16,8192,17.11181415929201,935.0265174140944
Llama-3.1-70B,8,Decoding,16,16384,18.73596938775511,853.9723602695892
Llama-3.1-70B,8,Decoding,16,32768,22.57750000000002,708.6701361975413
Llama-3.1-70B,8,Decoding,16,65536,30.352480620155053,527.1397814310923
Llama-3.1-70B,8,Decoding,32,128,15.679655172413794,2040.8612082426164
Llama-3.1-70B,8,Decoding,32,256,15.67918032786886,2040.923015798332
Llama-3.1-70B,8,Decoding,32,512,15.765964912280694,2029.688647541897
Llama-3.1-70B,8,Decoding,32,1024,16.081858407079654,1989.819782638601
Llama-3.1-70B,8,Decoding,32,2048,16.49133333333335,1940.413146299064
Llama-3.1-70B,8,Decoding,32,4096,18.27173333333337,1751.339044644548
Llama-3.1-70B,8,Decoding,32,8192,19.449948453608283,1645.2485761762252
Llama-3.1-70B,8,Decoding,32,16384,23.28300380228136,1374.3931097440495
Llama-3.1-70B,8,Decoding,32,32768,30.921627906976727,1034.874363544746
Llama-3.1-70B,8,Decoding,64,128,17.500370370370373,3657.065458932085
Llama-3.1-70B,8,Decoding,64,256,17.492280701754392,3658.756744829798
Llama-3.1-70B,8,Decoding,64,512,17.797346938775515,3596.041602164963
Llama-3.1-70B,8,Decoding,64,1024,18.22680412371136,3511.312217194568
Llama-3.1-70B,8,Decoding,64,2048,19.18182291666666,3336.492067414084
Llama-3.1-70B,8,Decoding,64,4096,21.09677083333333,3033.639626917626
Llama-3.1-70B,8,Decoding,64,8192,24.92708171206224,2567.488675139632
Llama-3.1-70B,8,Decoding,64,16384,32.560428015564206,1965.5761272366367
Llama-3.1-70B,8,Decoding,128,128,21.515652173913043,5949.157337428768
Llama-3.1-70B,8,Decoding,128,256,21.725102040816324,5891.802015913127
Llama-3.1-70B,8,Decoding,128,512,22.18647058823529,5769.281756237241
Llama-3.1-70B,8,Decoding,128,1024,23.238333333333333,5508.140285447895
Llama-3.1-70B,8,Decoding,128,2048,25.141153846153824,5091.253996664988
Llama-3.1-70B,8,Decoding,128,4096,28.854767441860485,4436.008720496791
Llama-3.1-70B,8,Decoding,128,8192,36.34992248062016,3521.328004708752
Llama-3.1-70B,8,Decoding,256,128,31.40000000000001,8152.866242038215
Llama-3.1-70B,8,Decoding,256,256,31.424411764705884,8146.532763026123
Llama-3.1-70B,8,Decoding,256,512,32.714411764705865,7825.297359501573
Llama-3.1-70B,8,Decoding,256,1024,34.495303030303035,7421.300220934777
Llama-3.1-70B,8,Decoding,256,2048,38.118538461538485,6715.892327779131
Llama-3.1-70B,8,Decoding,256,4096,45.08895348837208,5677.665596430829
Llama-3.1-70B,8,Decoding,512,256,54.23941176470587,9439.630396824536
Llama-3.1-70B,8,Decoding,512,512,56.30029411764706,9094.09103494392
Llama-3.1-70B,8,Decoding,512,1024,60.215,8502.864734700657
Llama-3.1-70B,8,Decoding,512,2048,66.95923076923077,7646.443875147908
Llama-3.1-70B,8,Decoding,1024,128,95.42199999999998,10731.277902370524
Llama-3.1-70B,8,Decoding,1024,256,96.92352941176468,10565.030041876558
Llama-3.1-70B,8,Decoding,1024,512,100.44909090909093,10194.218690607631
Llama-3.1-70B,8,Decoding,1024,1024,108.60230769230768,9428.897246835668
Llama-3.1-70B,8,Decoding,2048,128,180.3988524590164,11352.62210420807
Llama-3.1-70B,8,Decoding,2048,256,184.6236507936507,11092.836650105024
Llama-3.1-70B,8,Decoding,2048,512,192.94125,10614.630101131825
Llama-3.1-70B,4,Prefill,1,128,118.88,8.411843876177658
Llama-3.1-70B,4,Prefill,1,256,126.32,7.916402786573782
Llama-3.1-70B,4,Prefill,1,512,138.23,7.234319612240469
Llama-3.1-70B,4,Prefill,1,1024,177.32,5.639521768554027
Llama-3.1-70B,4,Prefill,1,2048,243.65,4.104247896572953
Llama-3.1-70B,4,Prefill,1,4096,410.95,2.433386056697896
Llama-3.1-70B,4,Prefill,1,8192,771.85,1.2955885210857032
Llama-3.1-70B,4,Prefill,1,16384,1614.7399999999998,0.6192947471419548
Llama-3.1-70B,4,Prefill,1,32768,3756.66,0.2661939062890972
Llama-3.1-70B,4,Prefill,1,65536,9839.46,0.101631593603714
Llama-3.1-70B,4,Prefill,1,131072,29072.360000000008,0.0343969323439858
Llama-3.1-70B,4,Prefill,2,128,120.63,16.579623642543314
Llama-3.1-70B,4,Prefill,2,256,137.13,14.58470064901918
Llama-3.1-70B,4,Prefill,2,512,173.0,11.560693641618498
Llama-3.1-70B,4,Prefill,2,1024,240.79,8.305992773786286
Llama-3.1-70B,4,Prefill,2,2048,438.52,4.5607954027182345
Llama-3.1-70B,4,Prefill,2,4096,767.0900000000001,2.6072559934297144
Llama-3.1-70B,4,Prefill,2,8192,1513.91,1.3210824949964
Llama-3.1-70B,4,Prefill,2,16384,3226.9800000000005,0.6197745260274311
Llama-3.1-70B,4,Prefill,2,32768,7568.029999999999,0.2642695655276208
Llama-3.1-70B,4,Prefill,2,65536,20000.13,0.0999993500042249
Llama-3.1-70B,4,Prefill,2,131072,58812.16999999999,0.0340065670081549
Llama-3.1-70B,4,Prefill,4,128,136.83,29.23335525834977
Llama-3.1-70B,4,Prefill,4,256,171.99,23.25716611430897
Llama-3.1-70B,4,Prefill,4,512,238.3,16.78556441460344
Llama-3.1-70B,4,Prefill,4,1024,425.37,9.403578061452382
Llama-3.1-70B,4,Prefill,4,2048,741.8199999999999,5.3921436467067485
Llama-3.1-70B,4,Prefill,4,4096,1438.5,2.780674313521029
Llama-3.1-70B,4,Prefill,4,8192,2929.81,1.365276246582543
Llama-3.1-70B,4,Prefill,4,16384,6413.129999999999,0.6237203986197069
Llama-3.1-70B,4,Prefill,4,32768,15217.530000000002,0.2628547471238762
Llama-3.1-70B,4,Prefill,4,65536,40530.92000000001,0.0986900864821227
Llama-3.1-70B,4,Prefill,4,131072,118778.39,0.0336761594428077
Llama-3.1-70B,4,Prefill,8,128,172.14,46.4738003950273
Llama-3.1-70B,4,Prefill,8,256,238.31,33.56972011245856
Llama-3.1-70B,4,Prefill,8,512,418.82,19.101284561386755
Llama-3.1-70B,4,Prefill,8,1024,729.87,10.960856042856946
Llama-3.1-70B,4,Prefill,8,2048,1388.34,5.762277251969979
Llama-3.1-70B,4,Prefill,8,4096,2778.03,2.879738519742407
Llama-3.1-70B,4,Prefill,8,8192,5783.709999999999,1.3831952155277496
Llama-3.1-70B,4,Prefill,8,16384,12780.069999999996,0.6259746621106146
Llama-3.1-70B,4,Prefill,8,32768,30648.92999999999,0.261020531548736
Llama-3.1-70B,4,Prefill,8,65536,82094.89999999997,0.0974481971474477
Llama-3.1-70B,4,Prefill,16,128,237.34,67.41383668998061
Llama-3.1-70B,4,Prefill,16,256,421.63,37.94796385456443
Llama-3.1-70B,4,Prefill,16,512,724.64,22.07992934422609
Llama-3.1-70B,4,Prefill,16,1024,1363.61,11.733560182163522
Llama-3.1-70B,4,Prefill,16,2048,2682.0,5.965697240865026
Llama-3.1-70B,4,Prefill,16,4096,5475.87,2.9219101256969213
Llama-3.1-70B,4,Prefill,16,8192,11532.94,1.3873305505794706
Llama-3.1-70B,4,Prefill,16,16384,25797.150000000005,0.6202235518264613
Llama-3.1-70B,4,Prefill,16,32768,62378.01,0.2565006482252319
Llama-3.1-70B,4,Prefill,32,128,419.6,76.26310772163966
Llama-3.1-70B,4,Prefill,32,256,717.8,44.58066313736417
Llama-3.1-70B,4,Prefill,32,512,1351.1900000000005,23.682827729630908
Llama-3.1-70B,4,Prefill,32,1024,2640.11,12.120707091749964
Llama-3.1-70B,4,Prefill,32,2048,5289.97,6.049183643763575
Llama-3.1-70B,4,Prefill,32,4096,10983.600000000002,2.9134345751848203
Llama-3.1-70B,4,Prefill,32,8192,23300.88,1.373338689354222
Llama-3.1-70B,4,Prefill,32,16384,54463.11000000003,0.5875536670601437
Llama-3.1-70B,4,Prefill,64,128,722.6099999999999,88.5678305033144
Llama-3.1-70B,4,Prefill,64,256,1358.6799999999998,47.10454264433127
Llama-3.1-70B,4,Prefill,64,512,2629.57,24.338580072026986
Llama-3.1-70B,4,Prefill,64,1024,5237.650000000001,12.219220451920233
Llama-3.1-70B,4,Prefill,64,2048,10655.979999999998,6.006017278560959
Llama-3.1-70B,4,Prefill,64,4096,22374.270000000004,2.8604285190086647
Llama-3.1-70B,4,Prefill,64,8192,51433.83000000002,1.2443172130094138
Llama-3.1-70B,4,Prefill,128,128,1384.9199999999998,92.42411113999366
Llama-3.1-70B,4,Prefill,128,256,2661.6600000000003,48.09028951857111
Llama-3.1-70B,4,Prefill,128,512,5314.45,24.08527693364318
Llama-3.1-70B,4,Prefill,128,1024,10679.29,11.98581553642611
Llama-3.1-70B,4,Prefill,128,2048,22077.890000000007,5.797655482475905
Llama-3.1-70B,4,Prefill,128,4096,53685.64000000001,2.3842502389838325
Llama-3.1-70B,4,Prefill,256,128,2792.17,91.6849618755305
Llama-3.1-70B,4,Prefill,256,256,5500.16,46.54410053525716
Llama-3.1-70B,4,Prefill,256,512,11072.2,23.120969635664096
Llama-3.1-70B,4,Prefill,256,1024,28340.22999999999,9.033095355965711
Llama-3.1-70B,4,Prefill,256,2048,59806.4,4.280478343454881
Llama-3.1-70B,4,Prefill,512,128,6069.280000000001,84.3592650199035
Llama-3.1-70B,4,Prefill,512,256,12411.04,41.2535935747528
Llama-3.1-70B,4,Prefill,512,512,31011.29000000001,16.51011615447148
Llama-3.1-70B,4,Prefill,1024,128,16213.349999999997,63.15782981308614
Llama-3.1-70B,4,Prefill,1024,256,40266.75000000001,25.43041094699721
Llama-3.1-70B,4,Prefill,2048,128,44565.56999999999,45.954758348204685
Llama-3.1-70B,8,Prefill,1,128,125.2,7.987220447284344
Llama-3.1-70B,8,Prefill,1,256,118.53,8.43668269636379
Llama-3.1-70B,8,Prefill,1,512,128.04,7.810059356451109
Llama-3.1-70B,8,Prefill,1,1024,150.98,6.623393826996953
Llama-3.1-70B,8,Prefill,1,2048,196.38,5.092168245238823
Llama-3.1-70B,8,Prefill,1,4096,304.04,3.2890409156689904
Llama-3.1-70B,8,Prefill,1,8192,531.09,1.8829200323862243
Llama-3.1-70B,8,Prefill,1,16384,1048.16,0.954052816363914
Llama-3.1-70B,8,Prefill,1,32768,2295.99,0.4355419666461962
Llama-3.1-70B,8,Prefill,1,65536,5732.27,0.1744509592185992
Llama-3.1-70B,8,Prefill,1,131072,16222.78,0.0616417161546911
Llama-3.1-70B,8,Prefill,1,262144,52201.70000000001,0.0191564642530798
Llama-3.1-70B,8,Prefill,1,524288,182598.15,0.0054765067444549
Llama-3.1-70B,8,Prefill,1,1048576,673439.5499999998,0.0014849142733004
Llama-3.1-70B,8,Prefill,2,128,118.22,16.917611233293858
Llama-3.1-70B,8,Prefill,2,256,127.83,15.645779550966129
Llama-3.1-70B,8,Prefill,2,512,150.98,13.246787653993906
Llama-3.1-70B,8,Prefill,2,1024,195.09,10.251678712389152
Llama-3.1-70B,8,Prefill,2,2048,338.09000000000003,5.91558460764885
Llama-3.1-70B,8,Prefill,2,4096,548.15,3.648636322174587
Llama-3.1-70B,8,Prefill,2,8192,1013.65,1.973067626892912
Llama-3.1-70B,8,Prefill,2,16384,2084.63,0.9594028676551714
Llama-3.1-70B,8,Prefill,2,32768,4632.279999999999,0.4317528301398016
Llama-3.1-70B,8,Prefill,2,65536,11555.39,0.1730794027722128
Llama-3.1-70B,8,Prefill,2,131072,32886.03000000001,0.0608160972911597
Llama-3.1-70B,8,Prefill,2,262144,106417.01,0.0187939879160295
Llama-3.1-70B,8,Prefill,2,524288,368546.07999999967,0.0054267298135419
Llama-3.1-70B,8,Prefill,4,128,127.54,31.36270973812137
Llama-3.1-70B,8,Prefill,4,256,148.59,26.91971195908204
Llama-3.1-70B,8,Prefill,4,512,193.35,20.68787173519524
Llama-3.1-70B,8,Prefill,4,1024,327.98,12.19586560156107
Llama-3.1-70B,8,Prefill,4,2048,542.02,7.379801483340099
Llama-3.1-70B,8,Prefill,4,4096,990.57,4.038079085778895
Llama-3.1-70B,8,Prefill,4,8192,1945.11,2.0564389674619945
Llama-3.1-70B,8,Prefill,4,16384,4093.3000000000006,0.9772066547773188
Llama-3.1-70B,8,Prefill,4,32768,9286.65,0.4307258268589857
Llama-3.1-70B,8,Prefill,4,65536,23346.92,0.1713288091105807
Llama-3.1-70B,8,Prefill,4,131072,66668.81999999998,0.0599980620625953
Llama-3.1-70B,8,Prefill,4,262144,215719.06,0.0185426359636464
Llama-3.1-70B,8,Prefill,8,128,148.69,53.80321474208084
Llama-3.1-70B,8,Prefill,8,256,193.27,41.39287007812904
Llama-3.1-70B,8,Prefill,8,512,325.77,24.55720293458575
Llama-3.1-70B,8,Prefill,8,1024,537.85,14.874035511759782
Llama-3.1-70B,8,Prefill,8,2048,967.72,8.266854048691771
Llama-3.1-70B,8,Prefill,8,4096,1880.45,4.2543008322476
Llama-3.1-70B,8,Prefill,8,8192,3786.880000000001,2.1125570390400537
Llama-3.1-70B,8,Prefill,8,16384,8192.03,0.97655892373441
Llama-3.1-70B,8,Prefill,8,32768,18708.680000000004,0.4276090028799465
Llama-3.1-70B,8,Prefill,8,65536,47329.85999999999,0.1690264877183241
Llama-3.1-70B,8,Prefill,8,131072,135303.6400000001,0.0591262733212498
Llama-3.1-70B,8,Prefill,16,128,191.72,83.45503859795535
Llama-3.1-70B,8,Prefill,16,256,329.58000000000004,48.54663511135384
Llama-3.1-70B,8,Prefill,16,512,534.4399999999999,29.93787890127985
Llama-3.1-70B,8,Prefill,16,1024,961.76,16.636167027116954
Llama-3.1-70B,8,Prefill,16,2048,1814.05,8.820043548965023
Llama-3.1-70B,8,Prefill,16,4096,3636.000000000001,4.400440044004399
Llama-3.1-70B,8,Prefill,16,8192,7542.99,2.121174759611242
Llama-3.1-70B,8,Prefill,16,16384,16409.099999999995,0.97506871187329
Llama-3.1-70B,8,Prefill,16,32768,37767.02,0.4236500523472596
Llama-3.1-70B,8,Prefill,16,65536,96986.8899999999,0.1649707501704613
Llama-3.1-70B,8,Prefill,32,128,330.08000000000004,96.94619486185168
Llama-3.1-70B,8,Prefill,32,256,533.45,59.98687787046583
Llama-3.1-70B,8,Prefill,32,512,945.76,33.83522246658772
Llama-3.1-70B,8,Prefill,32,1024,1848.6,17.310397057232503
Llama-3.1-70B,8,Prefill,32,2048,3527.7100000000005,9.07104041998917
Llama-3.1-70B,8,Prefill,32,4096,7235.81,4.422448903439974
Llama-3.1-70B,8,Prefill,32,8192,15130.7,2.114905457116987
Llama-3.1-70B,8,Prefill,32,16384,33232.450000000004,0.9629142600079136
Llama-3.1-70B,8,Prefill,32,32768,77848.45,0.4110550691760722
Llama-3.1-70B,8,Prefill,64,128,534.92,119.64405892469902
Llama-3.1-70B,8,Prefill,64,256,949.8,67.38260686460308
Llama-3.1-70B,8,Prefill,64,512,1794.4899999999998,35.66472925455144
Llama-3.1-70B,8,Prefill,64,1024,3509.8599999999988,18.23434552945132
Llama-3.1-70B,8,Prefill,64,2048,7057.72,9.068084310513877
Llama-3.1-70B,8,Prefill,64,4096,14669.339999999997,4.362841136683723
Llama-3.1-70B,8,Prefill,64,8192,31123.56999999998,2.05631937467328
Llama-3.1-70B,8,Prefill,64,16384,69392.66000000003,0.922287746283252
Llama-3.1-70B,8,Prefill,128,128,979.59,130.66691166712604
Llama-3.1-70B,8,Prefill,128,256,1836.4500000000005,69.69969234120175
Llama-3.1-70B,8,Prefill,128,512,3600.7600000000007,35.54805096701807
Llama-3.1-70B,8,Prefill,128,1024,7143.799999999999,17.91763487219687
Llama-3.1-70B,8,Prefill,128,2048,14618.429999999998,8.75607024830984
Llama-3.1-70B,8,Prefill,128,4096,30587.039999999983,4.18477891289906
Llama-3.1-70B,8,Prefill,128,8192,66327.43000000004,1.9298199854871496
Llama-3.1-70B,8,Prefill,256,128,1956.23,130.86395771458368
Llama-3.1-70B,8,Prefill,256,256,3812.09,67.15476287285978
Llama-3.1-70B,8,Prefill,256,512,7778.890000000001,32.90957964439656
Llama-3.1-70B,8,Prefill,256,1024,15146.78,16.90128198864709
Llama-3.1-70B,8,Prefill,256,2048,31577.399999999983,8.107063912798399
Llama-3.1-70B,8,Prefill,256,4096,67055.06000000003,3.817758122951495
Llama-3.1-70B,8,Prefill,512,128,4278.529999999998,119.66726889843012
Llama-3.1-70B,8,Prefill,512,256,8521.609999999999,60.08254308751516
Llama-3.1-70B,8,Prefill,512,512,18249.459999999995,28.05562465957897
Llama-3.1-70B,8,Prefill,512,1024,35559.28999999998,14.39848770883784
Llama-3.1-70B,8,Prefill,512,2048,87908.16999999981,5.8242595654078695
Llama-3.1-70B,8,Prefill,1024,128,11334.4,90.34443817052512
Llama-3.1-70B,8,Prefill,1024,256,23543.31000000001,43.49430899903198
Llama-3.1-70B,8,Prefill,1024,512,48151.23,21.26633109891481
Llama-3.1-70B,8,Prefill,1024,1024,122716.45999999998,8.344438879674334
Llama-3.1-70B,8,Prefill,2048,128,32501.0,63.01344574013108
Llama-3.1-70B,8,Prefill,2048,256,67773.22000000006,30.21842550789232
Llama-3.1-8B,1,Decoding,1,128,7.436774193548387,134.46690379109916
Llama-3.1-8B,1,Decoding,1,256,7.46140625,134.02299331979145
Llama-3.1-8B,1,Decoding,1,512,7.508281249999999,133.1862734896885
Llama-3.1-8B,1,Decoding,1,1024,7.498046874999991,133.36806460015646
Llama-3.1-8B,1,Decoding,1,2048,7.632421875000041,131.02001125953151
Llama-3.1-8B,1,Decoding,1,4096,7.827617187499993,127.75279833522146
Llama-3.1-8B,1,Decoding,1,8192,7.974589843749977,125.39829879573584
Llama-3.1-8B,1,Decoding,1,16384,8.365566406249986,119.537632174301
Llama-3.1-8B,1,Decoding,1,32768,9.11070312499999,109.76101254534083
Llama-3.1-8B,1,Decoding,1,65536,10.57511718750002,94.56159986406752
Llama-3.1-8B,1,Decoding,1,131072,13.329364924279307,75.02232894670846
Llama-3.1-8B,1,Decoding,2,128,7.647741935483873,261.5151003880546
Llama-3.1-8B,1,Decoding,2,256,7.628125000000002,262.1876280213027
Llama-3.1-8B,1,Decoding,2,512,7.702187499999998,259.66649085081355
Llama-3.1-8B,1,Decoding,2,1024,7.7656250000000036,257.54527162977854
Llama-3.1-8B,1,Decoding,2,2048,7.895976562500013,253.2935583292516
Llama-3.1-8B,1,Decoding,2,4096,8.17556640625002,244.6313687172853
Llama-3.1-8B,1,Decoding,2,8192,8.576066536203513,233.2071459050699
Llama-3.1-8B,1,Decoding,2,16384,9.094117647058804,219.9223803363524
Llama-3.1-8B,1,Decoding,2,32768,10.619842519685037,188.3267097692628
Llama-3.1-8B,1,Decoding,2,65536,13.395357142857163,149.30546298024345
Llama-3.1-8B,1,Decoding,2,131072,19.00524565756823,105.23410410133604
Llama-3.1-8B,1,Decoding,4,128,7.806451612903225,512.3966942148761
Llama-3.1-8B,1,Decoding,4,256,7.806249999999999,512.409927942354
Llama-3.1-8B,1,Decoding,4,512,7.900312500000004,506.3090858747673
Llama-3.1-8B,1,Decoding,4,1024,8.008750000000004,499.4537224910252
Llama-3.1-8B,1,Decoding,4,2048,8.17285156250003,489.42525988767886
Llama-3.1-8B,1,Decoding,4,4096,8.804266144814106,454.32520260147777
Llama-3.1-8B,1,Decoding,4,8192,9.301237721021629,430.0502922271992
Llama-3.1-8B,1,Decoding,4,16384,10.708695652173915,373.5282176207876
Llama-3.1-8B,1,Decoding,4,32768,13.527920000000028,295.68477637360303
Llama-3.1-8B,1,Decoding,4,65536,19.00530737704917,210.4675247099873
Llama-3.1-8B,1,Decoding,8,128,8.025806451612903,996.7845659163988
Llama-3.1-8B,1,Decoding,8,256,8.040468749999999,994.966866826017
Llama-3.1-8B,1,Decoding,8,512,8.158749999999998,980.5423624942548
Llama-3.1-8B,1,Decoding,8,1024,8.31929687499999,961.619728229738
Llama-3.1-8B,1,Decoding,8,2048,8.584980392156895,931.8600200075794
Llama-3.1-8B,1,Decoding,8,4096,9.41976424361491,849.2781552810854
Llama-3.1-8B,1,Decoding,8,8192,10.838475247524752,738.1112026645084
Llama-3.1-8B,1,Decoding,8,16384,13.676847389558208,584.930121111662
Llama-3.1-8B,1,Decoding,8,32768,19.2757231404959,415.029824909292
Llama-3.1-8B,1,Decoding,16,128,8.296774193548385,1928.4603421461904
Llama-3.1-8B,1,Decoding,16,256,8.401093749999998,1904.5139211784185
Llama-3.1-8B,1,Decoding,16,512,8.568437500000002,1867.3182829424848
Llama-3.1-8B,1,Decoding,16,1024,8.912677165354332,1795.1957311093636
Llama-3.1-8B,1,Decoding,16,2048,9.677905138339916,1653.250344086813
Llama-3.1-8B,1,Decoding,16,4096,11.036257425742544,1449.7668351482375
Llama-3.1-8B,1,Decoding,16,8192,13.952957746478868,1146.7102739587754
Llama-3.1-8B,1,Decoding,16,16384,19.56365145228217,817.8432354014129
Llama-3.1-8B,1,Decoding,32,128,9.2241935483871,3469.1379611820234
Llama-3.1-8B,1,Decoding,32,256,9.2490625,3459.810115890124
Llama-3.1-8B,1,Decoding,32,512,9.620158730158735,3326.3484415991534
Llama-3.1-8B,1,Decoding,32,1024,10.394320000000013,3078.604468594383
Llama-3.1-8B,1,Decoding,32,2048,11.799277108433738,2712.030551187533
Llama-3.1-8B,1,Decoding,32,4096,14.620764587525136,2188.6680281620384
Llama-3.1-8B,1,Decoding,32,8192,20.250083160083165,1580.2404240530825
Llama-3.1-8B,1,Decoding,64,128,10.720967741935484,5969.610350534076
Llama-3.1-8B,1,Decoding,64,256,10.879523809523809,5882.610408368714
Llama-3.1-8B,1,Decoding,64,512,11.656557377049175,5490.471837423531
Llama-3.1-8B,1,Decoding,64,1024,13.093388429752071,4887.963138294513
Llama-3.1-8B,1,Decoding,64,2048,15.884481327800836,4029.089693220763
Llama-3.1-8B,1,Decoding,64,4096,21.469437500000005,2980.981686175988
Llama-3.1-8B,1,Decoding,128,128,14.386551724137933,8897.198053737924
Llama-3.1-8B,1,Decoding,128,256,14.84999999999999,8619.528619528626
Llama-3.1-8B,1,Decoding,128,512,16.282807017543853,7861.052450114214
Llama-3.1-8B,1,Decoding,128,1024,19.054601769911493,6717.5373983475565
Llama-3.1-8B,1,Decoding,128,2048,24.594866071428573,5204.338158551527
Llama-3.1-8B,1,Decoding,256,128,21.080740740740733,12143.78579711164
Llama-3.1-8B,1,Decoding,256,256,21.88929824561403,11695.212753167858
Llama-3.1-8B,1,Decoding,256,512,24.67591836734693,10374.487230382429
Llama-3.1-8B,1,Decoding,256,1024,30.33731958762888,8438.451500652456
Llama-3.1-8B,1,Decoding,512,128,36.61130434782609,13984.75168040282
Llama-3.1-8B,1,Decoding,512,256,38.14270833333333,13423.273342982768
Llama-3.1-8B,1,Decoding,512,512,43.55235294117647,11755.96645011413
Llama-3.1-8B,1,Decoding,1024,128,69.25177419354839,14786.624774956272
Llama-3.1-8B,1,Decoding,1024,256,74.59983870967743,13726.571232749357
Llama-3.1-8B,1,Decoding,2048,128,138.6945,14766.266867107204
Llama-3.1-8B,2,Decoding,1,128,5.646451612903227,177.10237659963434
Llama-3.1-8B,2,Decoding,1,256,5.648750000000001,177.03031644169062
Llama-3.1-8B,2,Decoding,1,512,5.681718750000001,176.0030800539009
Llama-3.1-8B,2,Decoding,1,1024,5.735234375000006,174.36079061720977
Llama-3.1-8B,2,Decoding,1,2048,5.762617187499996,173.53226276580614
Llama-3.1-8B,2,Decoding,1,4096,5.92986328124998,168.63795210286975
Llama-3.1-8B,2,Decoding,1,8192,6.113999999999986,163.55904481517865
Llama-3.1-8B,2,Decoding,1,16384,6.309725490196067,158.48550013051775
Llama-3.1-8B,2,Decoding,1,32768,6.780078431372547,147.49091918654423
Llama-3.1-8B,2,Decoding,1,65536,7.526484375000032,132.86415677970444
Llama-3.1-8B,2,Decoding,1,131072,9.00903273082558,110.99970772426764
Llama-3.1-8B,2,Decoding,2,128,6.02,332.2259136212625
Llama-3.1-8B,2,Decoding,2,256,6.0165625,332.4157274191035
Llama-3.1-8B,2,Decoding,2,512,6.051562500000001,330.4931577588432
Llama-3.1-8B,2,Decoding,2,1024,6.112109375,327.21927526043334
Llama-3.1-8B,2,Decoding,2,2048,6.183843137254919,323.4234691289119
Llama-3.1-8B,2,Decoding,2,4096,6.322549019607853,316.3281128857182
Llama-3.1-8B,2,Decoding,2,8192,6.545019685039345,305.57585710118104
Llama-3.1-8B,2,Decoding,2,16384,6.922195121951247,288.925689721996
Llama-3.1-8B,2,Decoding,2,32768,7.731260504201702,258.6900284776411
Llama-3.1-8B,2,Decoding,2,65536,9.16552083333333,218.20909431860807
Llama-3.1-8B,2,Decoding,2,131072,12.084564877540434,165.50037343231668
Llama-3.1-8B,2,Decoding,4,128,6.243225806451614,640.6944300919706
Llama-3.1-8B,2,Decoding,4,256,6.1278125,652.7614870722626
Llama-3.1-8B,2,Decoding,4,512,6.187656249999998,646.4483220120707
Llama-3.1-8B,2,Decoding,4,1024,6.2534645669291375,639.6454248983237
Llama-3.1-8B,2,Decoding,4,2048,6.317470355731207,633.1648230642193
Llama-3.1-8B,2,Decoding,4,4096,6.618754940711475,604.3432693657071
Llama-3.1-8B,2,Decoding,4,8192,7.02202000000002,569.6366572581662
Llama-3.1-8B,2,Decoding,4,16384,7.724410480349364,517.8388707042257
Llama-3.1-8B,2,Decoding,4,32768,9.170873786407792,436.16345543086896
Llama-3.1-8B,2,Decoding,4,65536,12.083894230769248,331.0191171497339
Llama-3.1-8B,2,Decoding,4,131072,17.989182692307697,222.35584953564504
Llama-3.1-8B,2,Decoding,8,128,6.331935483870969,1263.436751744867
Llama-3.1-8B,2,Decoding,8,256,6.3728125,1255.3327122051685
Llama-3.1-8B,2,Decoding,8,512,6.423968253968254,1245.3361666378394
Llama-3.1-8B,2,Decoding,8,1024,6.51984,1227.023976048492
Llama-3.1-8B,2,Decoding,8,2048,6.65188755020083,1202.6661514683103
Llama-3.1-8B,2,Decoding,8,4096,7.313574297188773,1093.8563929096993
Llama-3.1-8B,2,Decoding,8,8192,7.847722567287772,1019.404028545425
Llama-3.1-8B,2,Decoding,8,16384,9.352791878172566,855.3595658073292
Llama-3.1-8B,2,Decoding,8,32768,12.324366197183094,649.1206015793747
Llama-3.1-8B,2,Decoding,8,65536,18.15069444444444,440.7544859777328
Llama-3.1-8B,2,Decoding,16,128,6.711290322580643,2384.0422975246343
Llama-3.1-8B,2,Decoding,16,256,6.72031746031746,2380.839907411781
Llama-3.1-8B,2,Decoding,16,512,6.80622950819672,2350.7876101931697
Llama-3.1-8B,2,Decoding,16,1024,7.005371900826444,2283.961540730255
Llama-3.1-8B,2,Decoding,16,2048,7.358049792531099,2174.489226240497
Llama-3.1-8B,2,Decoding,16,4096,8.15205821205817,1962.6945225113209
Llama-3.1-8B,2,Decoding,16,8192,9.66188470066516,1655.9916098873027
Llama-3.1-8B,2,Decoding,16,16384,12.671044776119428,1262.7214474180148
Llama-3.1-8B,2,Decoding,16,32768,18.63428571428572,858.6323213738117
Llama-3.1-8B,2,Decoding,32,128,7.367586206896552,4343.349246466349
Llama-3.1-8B,2,Decoding,32,256,7.475901639344263,4280.420147797294
Llama-3.1-8B,2,Decoding,32,512,7.636842105263159,4190.213645761543
Llama-3.1-8B,2,Decoding,32,1024,8.008318584070793,3995.845028399675
Llama-3.1-8B,2,Decoding,32,2048,8.784955357142845,3642.591077481291
Llama-3.1-8B,2,Decoding,32,4096,10.32772828507794,3098.4548699093225
Llama-3.1-8B,2,Decoding,32,8192,13.191649484536065,2425.7770066974617
Llama-3.1-8B,2,Decoding,32,16384,19.584,1633.986928104575
Llama-3.1-8B,2,Decoding,64,128,8.702222222222222,7354.443309499489
Llama-3.1-8B,2,Decoding,64,256,8.807192982456138,7266.787514192945
Llama-3.1-8B,2,Decoding,64,512,9.21142857142857,6947.890818858562
Llama-3.1-8B,2,Decoding,64,1024,9.9359375,6441.264349740524
Llama-3.1-8B,2,Decoding,64,2048,11.347604166666663,5639.95703938974
Llama-3.1-8B,2,Decoding,64,4096,14.262909090909089,4487.163144073631
Llama-3.1-8B,2,Decoding,64,8192,20.05569767441862,3191.113121017628
Llama-3.1-8B,2,Decoding,128,128,12.279545454545454,10423.83860818064
Llama-3.1-8B,2,Decoding,128,256,12.439583333333331,10289.733712945908
Llama-3.1-8B,2,Decoding,128,512,13.08941176470588,9778.89627898616
Llama-3.1-8B,2,Decoding,128,1024,14.467121212121215,8847.648272467348
Llama-3.1-8B,2,Decoding,128,2048,17.252769230769214,7419.098829173473
Llama-3.1-8B,2,Decoding,128,4096,23.046317829457355,5554.032576795973
Llama-3.1-8B,2,Decoding,256,128,17.616923076923076,14531.48196664047
Llama-3.1-8B,2,Decoding,256,256,17.81470588235294,14370.150239392438
Llama-3.1-8B,2,Decoding,256,512,19.369411764705884,13216.715257531583
Llama-3.1-8B,2,Decoding,256,1024,22.30151515151515,11479.040695699436
Llama-3.1-8B,2,Decoding,256,2048,27.79815384615384,9209.244664836626
Llama-3.1-8B,2,Decoding,512,256,31.7479411764706,16127.03000657754
Llama-3.1-8B,2,Decoding,512,512,35.33363636363637,14490.441762935134
Llama-3.1-8B,2,Decoding,512,1024,40.46,12654.473554127531
Llama-3.1-8B,2,Decoding,512,2048,51.10367521367517,10018.848896076865
Llama-3.1-8B,2,Decoding,1024,128,59.05403225806451,17340.05216655059
Llama-3.1-8B,2,Decoding,1024,256,61.65428571428572,16608.739978682977
Llama-3.1-8B,2,Decoding,1024,512,67.58412698412698,15151.486683263658
Llama-3.1-8B,2,Decoding,1024,1024,76.65061538461538,13359.3187068597
Llama-3.1-8B,2,Decoding,2048,128,114.92639344262294,17820.101533269335
Llama-3.1-8B,2,Decoding,2048,256,120.5540983606558,16988.22377546302
Llama-3.1-8B,4,Decoding,1,128,4.412258064516129,226.641321830677
Llama-3.1-8B,4,Decoding,1,256,4.362812500000001,229.20994198123336
Llama-3.1-8B,4,Decoding,1,512,4.367500000000001,228.96393817973663
Llama-3.1-8B,4,Decoding,1,1024,4.411953125,226.65698652453383
Llama-3.1-8B,4,Decoding,1,2048,4.455937500000011,224.4196647731252
Llama-3.1-8B,4,Decoding,1,4096,4.57648437499998,218.50833916591364
Llama-3.1-8B,4,Decoding,1,8192,4.852988281249978,206.05860596523647
Llama-3.1-8B,4,Decoding,1,16384,4.949179687500001,202.05368629586653
Llama-3.1-8B,4,Decoding,1,32768,5.2773046875000125,189.49066980510543
Llama-3.1-8B,4,Decoding,1,65536,5.845527343749986,171.0709643791498
Llama-3.1-8B,4,Decoding,1,131072,6.7757059110893945,147.58609849984182
Llama-3.1-8B,4,Decoding,1,262144,8.497478005865055,117.68197567675828
Llama-3.1-8B,4,Decoding,1,524288,11.434565004887547,87.45413573429018
Llama-3.1-8B,4,Decoding,2,128,4.7390322580645154,422.0270914165136
Llama-3.1-8B,4,Decoding,2,256,4.747968749999998,421.23276401092585
Llama-3.1-8B,4,Decoding,2,512,4.707656249999999,424.8398552889244
Llama-3.1-8B,4,Decoding,2,1024,4.776718749999995,418.6974583755851
Llama-3.1-8B,4,Decoding,2,2048,4.832392156862737,413.87369548634285
Llama-3.1-8B,4,Decoding,2,4096,4.9913529411764745,400.692963124462
Llama-3.1-8B,4,Decoding,2,8192,5.230905511811041,382.3429797162521
Llama-3.1-8B,4,Decoding,2,16384,5.439305555555567,367.693996884814
Llama-3.1-8B,4,Decoding,2,32768,5.887076612903227,339.7271908465439
Llama-3.1-8B,4,Decoding,2,65536,6.684312500000007,299.2080337357055
Llama-3.1-8B,4,Decoding,2,131072,8.25944241792606,242.14709647460663
Llama-3.1-8B,4,Decoding,2,262144,11.448143176733744,174.7008199604486
Llama-3.1-8B,4,Decoding,2,524288,17.67788511749347,113.13570524456368
Llama-3.1-8B,4,Decoding,4,128,4.812903225806452,831.0991957104557
Llama-3.1-8B,4,Decoding,4,256,4.774687499999998,837.7511617252442
Llama-3.1-8B,4,Decoding,4,512,4.851249999999999,824.5297603710385
Llama-3.1-8B,4,Decoding,4,1024,4.912755905511809,814.2069496089246
Llama-3.1-8B,4,Decoding,4,2048,5.014822134387348,797.6354679802962
Llama-3.1-8B,4,Decoding,4,4096,5.167411067193684,774.0820205682454
Llama-3.1-8B,4,Decoding,4,8192,5.385099999999991,742.7902917308884
Llama-3.1-8B,4,Decoding,4,16384,5.810901639344272,688.3613332769091
Llama-3.1-8B,4,Decoding,4,32768,6.6556465517241215,600.9934525390046
Llama-3.1-8B,4,Decoding,4,65536,8.207499999999992,487.3591227535794
Llama-3.1-8B,4,Decoding,4,131072,11.338647836538478,352.77575048323763
Llama-3.1-8B,4,Decoding,4,262144,17.59479623824453,227.3399444834428
Llama-3.1-8B,4,Decoding,8,128,5.048387096774194,1584.664536741214
Llama-3.1-8B,4,Decoding,8,256,4.97796875,1607.0812015443046
Llama-3.1-8B,4,Decoding,8,512,5.052857142857142,1583.2626519649425
Llama-3.1-8B,4,Decoding,8,1024,5.126400000000007,1560.5493133583002
Llama-3.1-8B,4,Decoding,8,2048,5.2827710843373445,1514.3567404839569
Llama-3.1-8B,4,Decoding,8,4096,5.562771084337342,1438.1321608802082
Llama-3.1-8B,4,Decoding,8,8192,6.026942148760334,1327.3729534048207
Llama-3.1-8B,4,Decoding,8,16384,6.752719298245627,1184.707914940048
Llama-3.1-8B,4,Decoding,8,32768,8.342825,958.9078040112312
Llama-3.1-8B,4,Decoding,8,65536,11.46493055555556,697.7800660225927
Llama-3.1-8B,4,Decoding,8,131072,17.66899480069324,452.77052204951246
Llama-3.1-8B,4,Decoding,16,128,5.321290322580645,3006.7895247332685
Llama-3.1-8B,4,Decoding,16,256,5.339841269841269,2996.3437472132227
Llama-3.1-8B,4,Decoding,16,512,5.400983606557376,2962.423359436654
Llama-3.1-8B,4,Decoding,16,1024,5.555041322314045,2880.26660318972
Llama-3.1-8B,4,Decoding,16,2048,5.7256016597510495,2794.4661453615136
Llama-3.1-8B,4,Decoding,16,4096,6.412655601659743,2495.066161959303
Llama-3.1-8B,4,Decoding,16,8192,7.001128318584104,2285.345914533361
Llama-3.1-8B,4,Decoding,16,16384,8.573826530612244,1866.1445905014668
Llama-3.1-8B,4,Decoding,16,32768,11.709117647058822,1366.4565069955545
Llama-3.1-8B,4,Decoding,16,65536,18.047945736434126,886.5274881506401
Llama-3.1-8B,4,Decoding,32,128,6.190689655172415,5169.052526040216
Llama-3.1-8B,4,Decoding,32,256,16.019666666666666,1997.544684658441
Llama-3.1-8B,4,Decoding,32,512,6.323333333333331,5060.622034791779
Llama-3.1-8B,4,Decoding,32,1024,6.524690265486729,4904.447368064124
Llama-3.1-8B,4,Decoding,32,2048,6.897155555555578,4639.593777789219
Llama-3.1-8B,4,Decoding,32,4096,7.754022222222262,4126.890416729934
Llama-3.1-8B,4,Decoding,32,8192,9.33286821705426,3428.742296127716
Llama-3.1-8B,4,Decoding,32,16384,12.40053231939162,2580.5343815732213
Llama-3.1-8B,4,Decoding,32,32768,18.73507751937983,1708.0260258810642
Llama-3.1-8B,4,Decoding,32,65536,31.51538759689922,1015.377009139131
Llama-3.1-8B,4,Decoding,64,128,7.6970370370370365,8314.88788374555
Llama-3.1-8B,4,Decoding,64,256,7.777017543859646,8229.375803649984
Llama-3.1-8B,4,Decoding,64,512,8.03020408163265,7969.909525261769
Llama-3.1-8B,4,Decoding,64,1024,8.416979166666666,7603.67808125936
Llama-3.1-8B,4,Decoding,64,2048,9.242072538860098,6924.853676586015
Llama-3.1-8B,4,Decoding,64,4096,10.846363636363623,5900.595088425118
Llama-3.1-8B,4,Decoding,64,8192,13.87306201550386,4613.256967241746
Llama-3.1-8B,4,Decoding,64,16384,20.07620155038761,3187.8540290289297
Llama-3.1-8B,4,Decoding,64,32768,32.886860465116285,1946.065969656362
Llama-3.1-8B,4,Decoding,128,128,10.644782608695651,12024.67017930809
Llama-3.1-8B,4,Decoding,128,256,10.737142857142857,11921.234699308145
Llama-3.1-8B,4,Decoding,128,512,11.114411764705885,11516.578898621292
Llama-3.1-8B,4,Decoding,128,1024,11.887121212121212,10767.956153208846
Llama-3.1-8B,4,Decoding,128,2048,13.513846153846147,9471.766848816034
Llama-3.1-8B,4,Decoding,128,4096,16.412015503875963,7799.163970431951
Llama-3.1-8B,4,Decoding,128,8192,22.53457364341086,5680.160717725733
Llama-3.1-8B,4,Decoding,128,16384,35.576705426356575,3597.859848629287
Llama-3.1-8B,4,Decoding,256,128,15.720781250000002,16284.17798892787
Llama-3.1-8B,4,Decoding,256,256,16.140468749999997,15860.753734305272
Llama-3.1-8B,4,Decoding,256,512,16.96796875,15087.250794235462
Llama-3.1-8B,4,Decoding,256,1024,18.579531250000013,13778.603806272013
Llama-3.1-8B,4,Decoding,256,2048,21.683593749999982,11806.1610520627
Llama-3.1-8B,4,Decoding,256,4096,28.657480468749988,8933.095157446214
Llama-3.1-8B,4,Decoding,256,8192,40.113875968992254,6381.831568654353
Llama-3.1-8B,4,Decoding,512,256,28.65647058823529,17866.819935955336
Llama-3.1-8B,4,Decoding,512,512,30.480000000000004,16797.90026246719
Llama-3.1-8B,4,Decoding,512,1024,33.5328787878788,15268.596628365642
Llama-3.1-8B,4,Decoding,512,2048,39.37821705426355,13002.112292043574
Llama-3.1-8B,4,Decoding,512,4096,51.97960352422911,9850.017416184077
Llama-3.1-8B,4,Decoding,1024,128,52.92187499999999,19349.276645999413
Llama-3.1-8B,4,Decoding,1024,256,54.56687499999997,18765.96378297274
Llama-3.1-8B,4,Decoding,1024,512,57.56828124999999,17787.572909344068
Llama-3.1-8B,4,Decoding,1024,1024,66.17259842519685,15474.683243058002
Llama-3.1-8B,4,Decoding,1024,2048,79.397890625,12897.068069936522
Llama-3.1-8B,4,Decoding,2048,128,110.73903225806453,18493.93080506043
Llama-3.1-8B,4,Decoding,2048,256,118.83213114754098,17234.395951859355
Llama-3.1-8B,4,Decoding,2048,512,134.34953125,15243.819468108488
Llama-3.1-8B,4,Decoding,4096,128,221.97096774193545,18452.86364098764
Llama-3.1-8B,4,Decoding,4096,256,238.15262295081976,17199.054745854526
Llama-3.1-8B,8,Decoding,1,128,3.805806451612903,262.7563993897271
Llama-3.1-8B,8,Decoding,1,256,3.7896875,263.87400016492126
Llama-3.1-8B,8,Decoding,1,512,3.791250000000001,263.7652489284536
Llama-3.1-8B,8,Decoding,1,1024,3.8639843749999976,258.8002183626844
Llama-3.1-8B,8,Decoding,1,2048,3.903750000000001,256.16394492475183
Llama-3.1-8B,8,Decoding,1,4096,3.99167968750001,250.52110346717225
Llama-3.1-8B,8,Decoding,1,8192,4.231035156250017,236.34878063417085
Llama-3.1-8B,8,Decoding,1,16384,4.321894531249999,231.3800100324927
Llama-3.1-8B,8,Decoding,1,32768,4.563749999999998,219.1180498493564
Llama-3.1-8B,8,Decoding,1,65536,4.899316406250001,204.1101078355159
Llama-3.1-8B,8,Decoding,1,131072,5.475720566682977,182.6243665691234
Llama-3.1-8B,8,Decoding,1,262144,6.648817204301071,150.40269107610712
Llama-3.1-8B,8,Decoding,1,524288,8.550674486803544,116.94983846517876
Llama-3.1-8B,8,Decoding,1,1048576,12.641065493646147,79.10725567418632
Llama-3.1-8B,8,Decoding,2,128,4.2787096774193545,467.4306393244874
Llama-3.1-8B,8,Decoding,2,256,4.13609375,483.5480336972536
Llama-3.1-8B,8,Decoding,2,512,4.240312499999998,471.6633502837352
Llama-3.1-8B,8,Decoding,2,1024,4.213515624999998,474.6630078059817
Llama-3.1-8B,8,Decoding,2,2048,4.267176470588237,468.6939979598024
Llama-3.1-8B,8,Decoding,2,4096,4.370803921568605,457.5817254419949
Llama-3.1-8B,8,Decoding,2,8192,4.63797244094489,431.2229159327522
Llama-3.1-8B,8,Decoding,2,16384,4.804603174603185,416.2674683669752
Llama-3.1-8B,8,Decoding,2,32768,5.158508064516117,387.7089993824805
Llama-3.1-8B,8,Decoding,2,65536,5.690437500000011,351.46682482673714
Llama-3.1-8B,8,Decoding,2,131072,6.67943199583109,299.426658022461
Llama-3.1-8B,8,Decoding,2,262144,8.848255033557061,226.03326784942203
Llama-3.1-8B,8,Decoding,2,524288,12.157872062663174,164.50247129528532
Llama-3.1-8B,8,Decoding,2,1048576,19.475666666666665,102.69224844677974
Llama-3.1-8B,8,Decoding,4,128,4.384516129032257,912.3013537374928
Llama-3.1-8B,8,Decoding,4,256,4.2748437500000005,935.7067144266967
Llama-3.1-8B,8,Decoding,4,512,4.34640625,920.3005356436712
Llama-3.1-8B,8,Decoding,4,1024,4.349685039370077,919.6068137796206
Llama-3.1-8B,8,Decoding,4,2048,4.444229249011856,900.0435791851586
Llama-3.1-8B,8,Decoding,4,4096,4.569545454545445,875.3605888789436
Llama-3.1-8B,8,Decoding,4,8192,4.817859999999993,830.2441332873943
Llama-3.1-8B,8,Decoding,4,16384,5.078032786885226,787.7066115702511
Llama-3.1-8B,8,Decoding,4,32768,5.562499999999978,719.1011235955085
Llama-3.1-8B,8,Decoding,4,65536,6.471177884615387,618.1254898755946
Llama-3.1-8B,8,Decoding,4,131072,8.268292242934477,483.77583695328735
Llama-3.1-8B,8,Decoding,4,262144,11.828667711598763,338.1614986172741
Llama-3.1-8B,8,Decoding,4,524288,18.994094488188967,210.5917711679968
Llama-3.1-8B,8,Decoding,8,128,4.638709677419354,1724.617524339361
Llama-3.1-8B,8,Decoding,8,256,4.4704687499999975,1789.5215127049046
Llama-3.1-8B,8,Decoding,8,512,4.592857142857143,1741.8351477449453
Llama-3.1-8B,8,Decoding,8,1024,4.592399999999998,1742.0085358418262
Llama-3.1-8B,8,Decoding,8,2048,4.7236947791164745,1693.5895255908829
Llama-3.1-8B,8,Decoding,8,4096,4.880301204819268,1639.2430844432408
Llama-3.1-8B,8,Decoding,8,8192,5.127376033057841,1560.2522515262056
Llama-3.1-8B,8,Decoding,8,16384,5.687828947368428,1406.512058296222
Llama-3.1-8B,8,Decoding,8,32768,6.541350000000009,1222.9891383277136
Llama-3.1-8B,8,Decoding,8,65536,8.313333333333325,962.309542902968
Llama-3.1-8B,8,Decoding,8,131072,11.858154246100534,674.6412497232224
Llama-3.1-8B,8,Decoding,8,262144,19.10847999999999,418.6622902501928
Llama-3.1-8B,8,Decoding,16,128,5.018064516129034,3188.4803291334524
Llama-3.1-8B,8,Decoding,16,256,4.995079365079367,3203.1523086211814
Llama-3.1-8B,8,Decoding,16,512,5.0186885245901625,3188.083883190698
Llama-3.1-8B,8,Decoding,16,1024,5.096280991735534,3139.544312008434
Llama-3.1-8B,8,Decoding,16,2048,5.250746887966813,3047.185541673576
Llama-3.1-8B,8,Decoding,16,4096,5.567717842323647,2873.708843212952
Llama-3.1-8B,8,Decoding,16,8192,6.088517699115059,2627.8974276982945
Llama-3.1-8B,8,Decoding,16,16384,6.882270408163253,2324.814203903112
Llama-3.1-8B,8,Decoding,16,32768,8.652904411764716,1849.090113401228
Llama-3.1-8B,8,Decoding,16,65536,12.2489534883721,1306.234039927473
Llama-3.1-8B,8,Decoding,16,131072,19.38062500000001,825.5667709374695
Llama-3.1-8B,8,Decoding,32,128,5.938275862068965,5388.769525579235
Llama-3.1-8B,8,Decoding,32,256,5.960327868852458,5368.832168986194
Llama-3.1-8B,8,Decoding,32,512,6.027719298245612,5308.807264683628
Llama-3.1-8B,8,Decoding,32,1024,6.238407079646021,5129.514568615766
Llama-3.1-8B,8,Decoding,32,2048,6.40595555555556,4995.351547865177
Llama-3.1-8B,8,Decoding,32,4096,7.147444444444435,4477.124691031765
Llama-3.1-8B,8,Decoding,32,8192,7.80079896907218,4102.143912036494
Llama-3.1-8B,8,Decoding,32,16384,9.553269961977184,3349.638409399366
Llama-3.1-8B,8,Decoding,32,32768,13.08813953488373,2444.9617086302155
Llama-3.1-8B,8,Decoding,32,65536,20.29365853658536,1576.8472669583196
Llama-3.1-8B,8,Decoding,64,128,7.32074074074074,8742.284731356876
Llama-3.1-8B,8,Decoding,64,256,7.330350877192982,8730.823540674437
Llama-3.1-8B,8,Decoding,64,512,7.44530612244898,8596.019955046324
Llama-3.1-8B,8,Decoding,64,1024,7.6950515463917535,8317.033305645615
Llama-3.1-8B,8,Decoding,64,2048,8.085336787564765,7915.563900619686
Llama-3.1-8B,8,Decoding,64,4096,9.00927272727275,7103.792052632623
Llama-3.1-8B,8,Decoding,64,8192,10.760465116279075,5947.69829263021
Llama-3.1-8B,8,Decoding,64,16384,14.291589147286825,4478.158400750698
Llama-3.1-8B,8,Decoding,64,32768,21.41363636363636,2988.7497346635537
Llama-3.1-8B,8,Decoding,128,128,10.331304347826087,12389.529500883764
Llama-3.1-8B,8,Decoding,128,256,10.39,12319.538017324352
Llama-3.1-8B,8,Decoding,128,512,10.576764705882354,12101.999388226131
Llama-3.1-8B,8,Decoding,128,1024,11.10378787878788,11527.59773487071
Llama-3.1-8B,8,Decoding,128,2048,11.949923076923085,10711.366021023625
Llama-3.1-8B,8,Decoding,128,4096,13.663178294573626,9368.2448724859
Llama-3.1-8B,8,Decoding,128,8192,17.135232558139535,7469.989074598101
Llama-3.1-8B,8,Decoding,128,16384,24.21609756097561,5285.740184920332
Llama-3.1-8B,8,Decoding,256,128,15.18285714285714,16861.121565675574
Llama-3.1-8B,8,Decoding,256,256,15.091470588235294,16963.224259905284
Llama-3.1-8B,8,Decoding,256,512,15.48705882352941,16529.930112427835
Llama-3.1-8B,8,Decoding,256,1024,16.348939393939393,15658.508104501268
Llama-3.1-8B,8,Decoding,256,2048,18.223769230769243,14047.587892397494
Llama-3.1-8B,8,Decoding,256,4096,21.633035019455267,11833.75332077867
Llama-3.1-8B,8,Decoding,256,8192,28.31791666666665,9040.213057104604
Llama-3.1-8B,8,Decoding,512,256,26.608235294117645,19242.162974753504
Llama-3.1-8B,8,Decoding,512,512,27.73117647058823,18462.97435462317
Llama-3.1-8B,8,Decoding,512,1024,29.836666666666662,17160.09384426321
Llama-3.1-8B,8,Decoding,512,2048,34.64376923076922,14778.992337394451
Llama-3.1-8B,8,Decoding,512,4096,38.91874125874126,13155.615609356417
Llama-3.1-8B,8,Decoding,1024,128,50.6284375,20225.78713791039
Llama-3.1-8B,8,Decoding,1024,256,52.34906250000001,19560.99977912689
Llama-3.1-8B,8,Decoding,1024,512,55.82453125000001,18343.190297724173
Llama-3.1-8B,8,Decoding,1024,1024,57.25348484848485,17885.374186565325
Llama-3.1-8B,8,Decoding,1024,2048,69.5027131782946,14733.237785597568
Llama-3.1-8B,8,Decoding,2048,128,99.80532258064515,20519.947704644364
Llama-3.1-8B,8,Decoding,2048,256,106.2421875,19276.71152290609
Llama-3.1-8B,8,Decoding,2048,512,119.16238095238096,17186.632086668447
Llama-3.1-8B,8,Decoding,2048,1024,143.1969230769231,14301.983282838046
Llama-3.1-8B,8,Decoding,4096,128,201.2455,20353.250134785623
Llama-3.1-8B,8,Decoding,4096,256,219.36129032258063,18672.39198847093
Llama-3.1-8B,8,Decoding,4096,512,251.85333333333327,16263.433744507383
Llama-3.1-8B,1,Prefill,1,128,13.21,75.70022710068129
Llama-3.1-8B,1,Prefill,1,256,13.69,73.04601899196494
Llama-3.1-8B,1,Prefill,1,512,17.89,55.89714924538848
Llama-3.1-8B,1,Prefill,1,1024,29.61,33.77237419790611
Llama-3.1-8B,1,Prefill,1,2048,54.0,18.51851851851852
Llama-3.1-8B,1,Prefill,1,4096,112.55,8.88494002665482
Llama-3.1-8B,1,Prefill,1,8192,253.94,3.937938095613137
Llama-3.1-8B,1,Prefill,1,16384,631.0899999999999,1.5845600469029777
Llama-3.1-8B,1,Prefill,1,32768,1769.1,0.5652591713300549
Llama-3.1-8B,1,Prefill,1,65536,5478.84,0.1825203875272868
Llama-3.1-8B,1,Prefill,1,131072,18714.49,0.0534345312108425
Llama-3.1-8B,1,Prefill,2,128,13.8,144.92753623188403
Llama-3.1-8B,1,Prefill,2,256,17.87,111.9194180190263
Llama-3.1-8B,1,Prefill,2,512,29.05,68.84681583476764
Llama-3.1-8B,1,Prefill,2,1024,52.89,37.81433163168841
Llama-3.1-8B,1,Prefill,2,2048,104.79,19.0857906288768
Llama-3.1-8B,1,Prefill,2,4096,222.7,8.980691513246521
Llama-3.1-8B,1,Prefill,2,8192,518.12,3.8601096271134097
Llama-3.1-8B,1,Prefill,2,16384,1312.05,1.5243321519759157
Llama-3.1-8B,1,Prefill,2,32768,3597.11,0.5560019015265032
Llama-3.1-8B,1,Prefill,2,65536,11052.14,0.1809604293829068
Llama-3.1-8B,1,Prefill,2,131072,37906.5,0.0527613997599356
Llama-3.1-8B,1,Prefill,4,128,17.61,227.14366837024417
Llama-3.1-8B,1,Prefill,4,256,28.75,139.1304347826087
Llama-3.1-8B,1,Prefill,4,512,50.89,78.60090391039498
Llama-3.1-8B,1,Prefill,4,1024,99.83,40.06811579685465
Llama-3.1-8B,1,Prefill,4,2048,202.49,19.754061928984147
Llama-3.1-8B,1,Prefill,4,4096,451.32,8.862891075068687
Llama-3.1-8B,1,Prefill,4,8192,1076.63,3.7152968057735705
Llama-3.1-8B,1,Prefill,4,16384,2627.0199999999995,1.5226378177554798
Llama-3.1-8B,1,Prefill,4,32768,7588.670000000001,0.5271015869711029
Llama-3.1-8B,1,Prefill,4,65536,22752.25,0.1758067883396147
Llama-3.1-8B,1,Prefill,8,128,28.51,280.6032970887408
Llama-3.1-8B,1,Prefill,8,256,51.06,156.67841754798278
Llama-3.1-8B,1,Prefill,8,512,99.82,80.14425966740133
Llama-3.1-8B,1,Prefill,8,1024,197.53,40.5001771882752
Llama-3.1-8B,1,Prefill,8,2048,429.54,18.62457512687992
Llama-3.1-8B,1,Prefill,8,4096,945.32,8.462742774933355
Llama-3.1-8B,1,Prefill,8,8192,2149.11,3.722471162481213
Llama-3.1-8B,1,Prefill,8,16384,5284.14,1.5139644294057308
Llama-3.1-8B,1,Prefill,8,32768,14565.349999999997,0.5492487307205115
Llama-3.1-8B,1,Prefill,16,128,50.74,315.3330705557745
Llama-3.1-8B,1,Prefill,16,256,98.7,162.10739614994935
Llama-3.1-8B,1,Prefill,16,512,195.84,81.69934640522875
Llama-3.1-8B,1,Prefill,16,1024,424.13000000000005,37.72428264918774
Llama-3.1-8B,1,Prefill,16,2048,860.14,18.601622991606018
Llama-3.1-8B,1,Prefill,16,4096,1897.48,8.432236439909774
Llama-3.1-8B,1,Prefill,16,8192,4283.46,3.735298100134004
Llama-3.1-8B,1,Prefill,16,16384,10642.070000000003,1.503466900706347
Llama-3.1-8B,1,Prefill,32,128,97.45,328.37352488455616
Llama-3.1-8B,1,Prefill,32,256,194.75,164.31322207958922
Llama-3.1-8B,1,Prefill,32,512,408.53,78.32962083567915
Llama-3.1-8B,1,Prefill,32,1024,825.55,38.76203742959239
Llama-3.1-8B,1,Prefill,32,2048,1749.15,18.294600234399567
Llama-3.1-8B,1,Prefill,32,4096,3808.43,8.402412542701324
Llama-3.1-8B,1,Prefill,32,8192,8688.170000000002,3.683169182923446
Llama-3.1-8B,1,Prefill,64,128,192.46,332.5366309882573
Llama-3.1-8B,1,Prefill,64,256,401.07,159.57314184556313
Llama-3.1-8B,1,Prefill,64,512,821.78,77.87972450047458
Llama-3.1-8B,1,Prefill,64,1024,1699.5199999999998,37.65769158350594
Llama-3.1-8B,1,Prefill,64,2048,3576.07,17.89674139488321
Llama-3.1-8B,1,Prefill,64,4096,7777.059999999999,8.229330878249623
Llama-3.1-8B,1,Prefill,128,128,418.7,305.7081442560306
Llama-3.1-8B,1,Prefill,128,256,817.54,156.56726276390148
Llama-3.1-8B,1,Prefill,128,512,1684.0299999999995,76.0081471232698
Llama-3.1-8B,1,Prefill,128,1024,3469.71,36.89069115286292
Llama-3.1-8B,1,Prefill,128,2048,7319.12,17.488441233372317
Llama-3.1-8B,1,Prefill,256,128,835.03,306.5758116474857
Llama-3.1-8B,1,Prefill,256,256,1717.25,149.0755568496142
Llama-3.1-8B,1,Prefill,256,512,3459.9,73.99057776236307
Llama-3.1-8B,1,Prefill,256,1024,9241.29,27.70176025208601
Llama-3.1-8B,1,Prefill,512,128,1759.1,291.05792734921266
Llama-3.1-8B,1,Prefill,512,256,3570.9700000000003,143.37840978781674
Llama-3.1-8B,1,Prefill,512,512,9828.200000000004,52.09499196190552
Llama-3.1-8B,1,Prefill,1024,128,3861.05,265.21283070667306
Llama-3.1-8B,1,Prefill,1024,256,10781.39,94.97847680122878
Llama-3.1-8B,1,Prefill,2048,128,13242.270000000008,154.65626361643425
Llama-3.1-8B,2,Prefill,1,128,104.57,9.56297217175098
Llama-3.1-8B,2,Prefill,1,256,104.83,9.539254030334828
Llama-3.1-8B,2,Prefill,1,512,109.97,9.09338910611985
Llama-3.1-8B,2,Prefill,1,1024,112.75,8.869179600886918
Llama-3.1-8B,2,Prefill,1,2048,133.58,7.486150621350501
Llama-3.1-8B,2,Prefill,1,4096,275.39,3.631213914811722
Llama-3.1-8B,2,Prefill,1,8192,258.2,3.872966692486445
Llama-3.1-8B,2,Prefill,1,16384,479.62,2.0849839456236188
Llama-3.1-8B,2,Prefill,1,32768,1119.11,0.8935672096576746
Llama-3.1-8B,2,Prefill,1,65536,3089.44,0.3236832565125071
Llama-3.1-8B,2,Prefill,1,131072,10017.16,0.0998286939611626
Llama-3.1-8B,2,Prefill,2,128,108.92,18.36210062431142
Llama-3.1-8B,2,Prefill,2,256,108.16,18.49112426035503
Llama-3.1-8B,2,Prefill,2,512,114.02,17.540782318891424
Llama-3.1-8B,2,Prefill,2,1024,126.55,15.804030027657053
Llama-3.1-8B,2,Prefill,2,2048,177.82000000000002,11.247328759419636
Llama-3.1-8B,2,Prefill,2,4096,256.56,7.795447458684128
Llama-3.1-8B,2,Prefill,2,8192,439.65,4.549073126350506
Llama-3.1-8B,2,Prefill,2,16384,902.48,2.216115592589309
Llama-3.1-8B,2,Prefill,2,32768,2197.58,0.9100920103022416
Llama-3.1-8B,2,Prefill,2,65536,6226.269999999999,0.3212196066023479
Llama-3.1-8B,2,Prefill,2,131072,20422.1,0.0979331214713472
Llama-3.1-8B,2,Prefill,4,128,105.97,37.74653203736907
Llama-3.1-8B,2,Prefill,4,256,113.76,35.16174402250352
Llama-3.1-8B,2,Prefill,4,512,126.43,31.63806058688602
Llama-3.1-8B,2,Prefill,4,1024,173.49999999999997,23.054755043227672
Llama-3.1-8B,2,Prefill,4,2048,249.3,16.04492579221821
Llama-3.1-8B,2,Prefill,4,4096,415.12000000000006,9.635767970707263
Llama-3.1-8B,2,Prefill,4,8192,803.9199999999998,4.975619464623347
Llama-3.1-8B,2,Prefill,4,16384,1736.9899999999998,2.302834213207906
Llama-3.1-8B,2,Prefill,4,32768,4349.129999999999,0.9197241747200016
Llama-3.1-8B,2,Prefill,4,65536,12661.079999999996,0.3159288149194224
Llama-3.1-8B,2,Prefill,4,131072,41589.24,0.0961787231505072
Llama-3.1-8B,2,Prefill,8,128,116.02,68.95362868470953
Llama-3.1-8B,2,Prefill,8,256,127.03,62.97724946862945
Llama-3.1-8B,2,Prefill,8,512,176.41,45.348903123405705
Llama-3.1-8B,2,Prefill,8,1024,261.08,30.64194882794546
Llama-3.1-8B,2,Prefill,8,2048,409.79,19.52219429463872
Llama-3.1-8B,2,Prefill,8,4096,729.9799999999998,10.95920436176334
Llama-3.1-8B,2,Prefill,8,8192,1499.45,5.335289606188936
Llama-3.1-8B,2,Prefill,8,16384,3439.84,2.3256895669566027
Llama-3.1-8B,2,Prefill,8,32768,8911.539999999997,0.8977124043655758
Llama-3.1-8B,2,Prefill,8,65536,26082.82999999999,0.3067151838968395
Llama-3.1-8B,2,Prefill,8,131072,86070.38999999994,0.092947179628209
Llama-3.1-8B,2,Prefill,16,128,126.57,126.41226198941298
Llama-3.1-8B,2,Prefill,16,256,192.13,83.27694789985948
Llama-3.1-8B,2,Prefill,16,512,245.45,65.1863923405989
Llama-3.1-8B,2,Prefill,16,1024,393.4,40.67107269954246
Llama-3.1-8B,2,Prefill,16,2048,699.1500000000001,22.884931702781948
Llama-3.1-8B,2,Prefill,16,4096,1384.36,11.557687306769918
Llama-3.1-8B,2,Prefill,16,8192,2973.06,5.381660645933819
Llama-3.1-8B,2,Prefill,16,16384,6986.109999999999,2.29025881356005
Llama-3.1-8B,2,Prefill,16,32768,18443.55000000001,0.8675119486216044
Llama-3.1-8B,2,Prefill,16,65536,55412.55999999996,0.2887432019022404
Llama-3.1-8B,2,Prefill,16,131072,176392.03000000006,0.0907070461176732
Llama-3.1-8B,2,Prefill,32,128,176.43,181.3750495947401
Llama-3.1-8B,2,Prefill,32,256,246.17,129.99146930982656
Llama-3.1-8B,2,Prefill,32,512,387.39,82.60409406541211
Llama-3.1-8B,2,Prefill,32,1024,679.56,47.08929307198776
Llama-3.1-8B,2,Prefill,32,2048,1310.92,24.410337778049
Llama-3.1-8B,2,Prefill,32,4096,2738.3400000000006,11.68591190283164
Llama-3.1-8B,2,Prefill,32,8192,6064.180000000002,5.276888219017244
Llama-3.1-8B,2,Prefill,32,16384,14776.990000000003,2.165528974439314
Llama-3.1-8B,2,Prefill,32,32768,40218.70000000002,0.7956497848015969
Llama-3.1-8B,2,Prefill,32,65536,116172.51999999996,0.2754524047511409
Llama-3.1-8B,2,Prefill,32,131072,356720.4499999995,0.0897060989915213
Llama-3.1-8B,2,Prefill,64,128,247.13,258.9730101565977
Llama-3.1-8B,2,Prefill,64,256,390.77,163.77920515904495
Llama-3.1-8B,2,Prefill,64,512,687.95,93.03001671633112
Llama-3.1-8B,2,Prefill,64,1024,1297.66,49.3195444107085
Llama-3.1-8B,2,Prefill,64,2048,2631.92,24.31684853642968
Llama-3.1-8B,2,Prefill,64,4096,5924.790000000003,10.802070621912334
Llama-3.1-8B,2,Prefill,64,8192,13105.309999999996,4.883516681406241
Llama-3.1-8B,2,Prefill,64,16384,33909.86999999997,1.887356100156092
Llama-3.1-8B,2,Prefill,64,32768,85999.06999999992,0.7441940941919495
Llama-3.1-8B,2,Prefill,64,65536,237772.66999999987,0.2691646605137589
Llama-3.1-8B,2,Prefill,128,128,410.28,311.9820610314908
Llama-3.1-8B,2,Prefill,128,256,710.9599999999999,180.0382581298526
Llama-3.1-8B,2,Prefill,128,512,1354.1899999999998,94.52144824581484
Llama-3.1-8B,2,Prefill,128,1024,2872.31,44.5634350052745
Llama-3.1-8B,2,Prefill,128,2048,5865.370000000001,21.823005198308035
Llama-3.1-8B,2,Prefill,128,4096,13502.950000000004,9.479410054839866
Llama-3.1-8B,2,Prefill,128,8192,32781.869999999995,3.904597266720904
Llama-3.1-8B,2,Prefill,128,16384,73533.46999999994,1.740703927068859
Llama-3.1-8B,2,Prefill,128,32768,182124.33000000016,0.7028165868887473
Llama-3.1-8B,2,Prefill,256,128,783.25,326.84328120012765
Llama-3.1-8B,2,Prefill,256,256,1672.1299999999997,153.09814428304023
Llama-3.1-8B,2,Prefill,256,512,3102.9099999999994,82.50319861033675
Llama-3.1-8B,2,Prefill,256,1024,6237.339999999997,41.04313697826319
Llama-3.1-8B,2,Prefill,256,2048,13425.829999999993,19.06772244248588
Llama-3.1-8B,2,Prefill,256,4096,34934.749999999985,7.327947101381865
Llama-3.1-8B,2,Prefill,256,8192,70119.32000000007,3.6509196038980383
Llama-3.1-8B,2,Prefill,256,16384,155843.5799999999,1.6426727363424287
Llama-3.1-8B,2,Prefill,512,128,1967.41,260.24062091785646
Llama-3.1-8B,2,Prefill,512,256,3503.3799999999983,146.1445803766649
Llama-3.1-8B,2,Prefill,512,512,7676.979999999997,66.69289225711155
Llama-3.1-8B,2,Prefill,512,1024,16381.7,31.25438751777898
Llama-3.1-8B,2,Prefill,512,2048,43575.320000000014,11.74977028281146
Llama-3.1-8B,2,Prefill,512,4096,73392.4099999999,6.976198219952182
Llama-3.1-8B,2,Prefill,512,8192,147381.78000000026,3.473970798832794
Llama-3.1-8B,2,Prefill,1024,128,5564.44,184.0257060908196
Llama-3.1-8B,2,Prefill,1024,256,12087.880000000008,84.71295214710928
Llama-3.1-8B,2,Prefill,1024,512,24747.88000000001,41.37728160957624
Llama-3.1-8B,2,Prefill,1024,1024,18909.59000000001,54.15241684245927
Llama-3.1-8B,2,Prefill,1024,2048,85257.24999999993,12.010708766703136
Llama-3.1-8B,2,Prefill,1024,4096,155788.4799999998,6.573014898149089
Llama-3.1-8B,2,Prefill,2048,128,17188.24,119.15123363415915
Llama-3.1-8B,2,Prefill,2048,256,37597.75,54.471344694828815
Llama-3.1-8B,2,Prefill,2048,512,72362.31000000004,28.30202628965271
Llama-3.1-8B,2,Prefill,2048,1024,117153.14999999983,17.481390811941488
Llama-3.1-8B,2,Prefill,2048,2048,180193.1000000001,11.365585030725365
Llama-3.1-8B,4,Prefill,1,128,110.55,9.045680687471732
Llama-3.1-8B,4,Prefill,1,256,107.56,9.297136481963555
Llama-3.1-8B,4,Prefill,1,512,108.61,9.207255317189944
Llama-3.1-8B,4,Prefill,1,1024,114.83,8.70852564660803
Llama-3.1-8B,4,Prefill,1,2048,1514.9,0.6601095781899795
Llama-3.1-8B,4,Prefill,1,4096,146.92000000000002,6.806425265450584
Llama-3.1-8B,4,Prefill,1,8192,204.76,4.883766360617308
Llama-3.1-8B,4,Prefill,1,16384,342.79,2.917237959100324
Llama-3.1-8B,4,Prefill,1,32768,703.3899999999999,1.421686404412915
Llama-3.1-8B,4,Prefill,1,65536,1787.4499999999994,0.5594562085652748
Llama-3.1-8B,4,Prefill,1,131072,5379.649999999999,0.1858856988837564
Llama-3.1-8B,4,Prefill,1,262144,18665.52,0.0535747195899176
Llama-3.1-8B,4,Prefill,1,524288,68897.57999999999,0.0145142978897081
Llama-3.1-8B,4,Prefill,2,128,108.74,18.392495861688435
Llama-3.1-8B,4,Prefill,2,256,108.43,18.445079774970026
Llama-3.1-8B,4,Prefill,2,512,112.0,17.857142857142858
Llama-3.1-8B,4,Prefill,2,1024,122.41,16.33853443346132
Llama-3.1-8B,4,Prefill,2,2048,161.85,12.357120790855731
Llama-3.1-8B,4,Prefill,2,4096,213.19,9.38130306299545
Llama-3.1-8B,4,Prefill,2,8192,332.91,6.007629689705926
Llama-3.1-8B,4,Prefill,2,16384,620.9400000000002,3.220923116565207
Llama-3.1-8B,4,Prefill,2,32768,1371.3,1.458470064901918
Llama-3.1-8B,4,Prefill,2,65536,3904.78,0.5121927483750685
Llama-3.1-8B,4,Prefill,2,131072,10942.62,0.1827715848672438
Llama-3.1-8B,4,Prefill,2,262144,38373.90999999999,0.0521187442197055
Llama-3.1-8B,4,Prefill,2,524288,139487.39,0.0143382136550121
Llama-3.1-8B,4,Prefill,4,128,108.57,36.84259003407939
Llama-3.1-8B,4,Prefill,4,256,111.2,35.97122302158273
Llama-3.1-8B,4,Prefill,4,512,122.39,32.68240869352071
Llama-3.1-8B,4,Prefill,4,1024,158.92,25.16989680342311
Llama-3.1-8B,4,Prefill,4,2048,211.95,18.87237556027365
Llama-3.1-8B,4,Prefill,4,4096,378.95,10.55548225359546
Llama-3.1-8B,4,Prefill,4,8192,571.4000000000001,7.000350017500874
Llama-3.1-8B,4,Prefill,4,16384,1208.54,3.309778741291145
Llama-3.1-8B,4,Prefill,4,32768,2712.92,1.474426079648497
Llama-3.1-8B,4,Prefill,4,65536,7303.120000000002,0.5477111152493728
Llama-3.1-8B,4,Prefill,4,131072,23526.459999999995,0.1700213291757451
Llama-3.1-8B,4,Prefill,4,262144,78748.15,0.0507948440693527
Llama-3.1-8B,4,Prefill,8,128,111.04,72.04610951008645
Llama-3.1-8B,4,Prefill,8,256,121.63,65.7732467318918
Llama-3.1-8B,4,Prefill,8,512,158.53,50.46363464328518
Llama-3.1-8B,4,Prefill,8,1024,209.57,38.17340268168154
Llama-3.1-8B,4,Prefill,8,2048,317.41,25.203994833181056
Llama-3.1-8B,4,Prefill,8,4096,550.75,14.525646845211076
Llama-3.1-8B,4,Prefill,8,8192,1058.7,7.556437139888542
Llama-3.1-8B,4,Prefill,8,16384,2282.170000000001,3.5054356161022167
Llama-3.1-8B,4,Prefill,8,32768,5492.69,1.4564812505348017
Llama-3.1-8B,4,Prefill,8,65536,14924.8,0.5360205831903946
Llama-3.1-8B,4,Prefill,8,131072,47635.43000000003,0.1679422228370772
Llama-3.1-8B,4,Prefill,16,128,119.64,133.73453694416582
Llama-3.1-8B,4,Prefill,16,256,1102.55,14.511813523196228
Llama-3.1-8B,4,Prefill,16,512,209.03,76.54403674113763
Llama-3.1-8B,4,Prefill,16,1024,311.94,51.29191511188049
Llama-3.1-8B,4,Prefill,16,2048,528.02,30.301882504450592
Llama-3.1-8B,4,Prefill,16,4096,1197.86,13.357153590569853
Llama-3.1-8B,4,Prefill,16,8192,2253.26,7.100822807842858
Llama-3.1-8B,4,Prefill,16,16384,6033.8,2.6517285955782426
Llama-3.1-8B,4,Prefill,16,32768,11301.43,1.4157500422512903
Llama-3.1-8B,4,Prefill,16,65536,31507.10000000001,0.5078220464593693
Llama-3.1-8B,4,Prefill,16,131072,89118.02000000003,0.1795372024647764
Llama-3.1-8B,4,Prefill,32,128,160.39,199.51368539185736
Llama-3.1-8B,4,Prefill,32,256,341.39,93.73443861858873
Llama-3.1-8B,4,Prefill,32,512,311.48,102.73532811095414
Llama-3.1-8B,4,Prefill,32,1024,517.5099999999999,61.83455392166336
Llama-3.1-8B,4,Prefill,32,2048,961.1399999999996,33.29379694945587
Llama-3.1-8B,4,Prefill,32,4096,1948.79,16.420445507212168
Llama-3.1-8B,4,Prefill,32,8192,6052.2,5.287333531608341
Llama-3.1-8B,4,Prefill,32,16384,9546.03,3.3521788638837298
Llama-3.1-8B,4,Prefill,32,32768,25099.809999999987,1.2749100491198944
Llama-3.1-8B,4,Prefill,32,65536,57213.56000000003,0.5593079682508829
Llama-3.1-8B,4,Prefill,64,128,215.06,297.5913698502744
Llama-3.1-8B,4,Prefill,64,256,319.37000000000006,200.3945267244888
Llama-3.1-8B,4,Prefill,64,512,526.77,121.49514968582116
Llama-3.1-8B,4,Prefill,64,1024,964.55,66.35218495671558
Llama-3.1-8B,4,Prefill,64,2048,1908.94,33.52645971062474
Llama-3.1-8B,4,Prefill,64,4096,6122.510000000001,10.453229149482809
Llama-3.1-8B,4,Prefill,64,8192,10818.840000000007,5.915606479067993
Llama-3.1-8B,4,Prefill,64,16384,21468.24000000001,2.981147965552834
Llama-3.1-8B,4,Prefill,64,32768,42037.64000000002,1.5224451229897769
Llama-3.1-8B,4,Prefill,128,128,337.0,379.8219584569733
Llama-3.1-8B,4,Prefill,128,256,557.6899999999999,229.5181911097564
Llama-3.1-8B,4,Prefill,128,512,1030.7,124.18744542543902
Llama-3.1-8B,4,Prefill,128,1024,1984.3900000000008,64.5034494227445
Llama-3.1-8B,4,Prefill,128,2048,4071.83,31.4354970615178
Llama-3.1-8B,4,Prefill,128,4096,9419.580000000004,13.58871626972752
Llama-3.1-8B,4,Prefill,128,8192,22375.750000000007,5.72047864317397
Llama-3.1-8B,4,Prefill,128,16384,34594.38000000002,3.7000229517048697
Llama-3.1-8B,4,Prefill,256,128,627.58,407.91612224736286
Llama-3.1-8B,4,Prefill,256,256,1142.34,224.10140588616352
Llama-3.1-8B,4,Prefill,256,512,2197.3300000000004,116.50503110593309
Llama-3.1-8B,4,Prefill,256,1024,4447.9,57.55525079250883
Llama-3.1-8B,4,Prefill,256,2048,11196.089999999993,22.86512523568497
Llama-3.1-8B,4,Prefill,256,4096,23528.579999999987,10.88038462159638
Llama-3.1-8B,4,Prefill,256,8192,32897.26999999997,7.781800739088691
Llama-3.1-8B,4,Prefill,512,128,1401.14,365.4167320895842
Llama-3.1-8B,4,Prefill,512,256,2752.390000000001,186.02014976075333
Llama-3.1-8B,4,Prefill,512,512,5818.380000000001,87.99700260209885
Llama-3.1-8B,4,Prefill,512,1024,13869.76,36.91484207369125
Llama-3.1-8B,4,Prefill,512,2048,27286.490000000013,18.76386446186372
Llama-3.1-8B,4,Prefill,512,4096,35425.46000000002,14.452882192637714
Llama-3.1-8B,4,Prefill,1024,128,4659.48,219.76701262801865
Llama-3.1-8B,4,Prefill,1024,256,9444.06,108.42794306685896
Llama-3.1-8B,4,Prefill,1024,512,22082.189999999995,46.37221217641911
Llama-3.1-8B,4,Prefill,1024,1024,45573.51000000004,22.469193178230054
Llama-3.1-8B,4,Prefill,1024,2048,42569.17999999999,24.05496182919192
Llama-3.1-8B,4,Prefill,2048,128,15758.320000000002,129.96309251239978
Llama-3.1-8B,4,Prefill,2048,256,30288.97,67.61537285685185
Llama-3.1-8B,4,Prefill,2048,512,26189.44000000001,78.19945749126363
Llama-3.1-8B,4,Prefill,2048,1024,54281.800000000025,37.72903625156128
Llama-3.1-8B,4,Prefill,4096,128,9570.72,427.9719812093552
Llama-3.1-8B,4,Prefill,4096,256,27751.93,147.59333855339068
Llama-3.1-8B,4,Prefill,4096,512,77520.89000000003,52.83737067518186
Llama-3.1-8B,8,Prefill,1,128,109.85,9.103322712790169
Llama-3.1-8B,8,Prefill,1,256,104.67,9.553835865099838
Llama-3.1-8B,8,Prefill,1,512,106.54,9.386146048432511
Llama-3.1-8B,8,Prefill,1,1024,115.07,8.690362388111584
Llama-3.1-8B,8,Prefill,1,2048,113.29,8.826904404625298
Llama-3.1-8B,8,Prefill,1,4096,135.58,7.37571913261543
Llama-3.1-8B,8,Prefill,1,8192,184.55,5.41858574911948
Llama-3.1-8B,8,Prefill,1,16384,287.54999999999995,3.4776560598156845
Llama-3.1-8B,8,Prefill,1,32768,561.03,1.7824358768693298
Llama-3.1-8B,8,Prefill,1,65536,1341.26,0.7455676006143478
Llama-3.1-8B,8,Prefill,1,131072,5042.79,0.1983029235800023
Llama-3.1-8B,8,Prefill,1,262144,13789.999999999996,0.0725163161711385
Llama-3.1-8B,8,Prefill,1,524288,46799.16000000002,0.0213679048940194
Llama-3.1-8B,8,Prefill,1,1048576,176339.2800000001,0.0056708862597147
Llama-3.1-8B,8,Prefill,2,128,106.11,18.84836490434455
Llama-3.1-8B,8,Prefill,2,256,107.28,18.642803877703205
Llama-3.1-8B,8,Prefill,2,512,109.52,18.26150474799124
Llama-3.1-8B,8,Prefill,2,1024,113.97,17.548477669562164
Llama-3.1-8B,8,Prefill,2,2048,149.30999999999997,13.394950103810864
Llama-3.1-8B,8,Prefill,2,4096,191.49,10.444409629745678
Llama-3.1-8B,8,Prefill,2,8192,287.45,6.957731779439903
Llama-3.1-8B,8,Prefill,2,16384,509.31,3.926881467082916
Llama-3.1-8B,8,Prefill,2,32768,1084.7199999999998,1.843793790102515
Llama-3.1-8B,8,Prefill,2,65536,2704.59,0.7394836185891391
Llama-3.1-8B,8,Prefill,2,131072,7906.740000000002,0.2529487500537515
Llama-3.1-8B,8,Prefill,2,262144,25960.250000000007,0.0770408605464123
Llama-3.1-8B,8,Prefill,2,524288,99207.77999999996,0.0201597092486093
Llama-3.1-8B,8,Prefill,2,1048576,357804.5000000001,0.0055896446243688
Llama-3.1-8B,8,Prefill,4,128,106.34,37.61519653940192
Llama-3.1-8B,8,Prefill,4,256,108.7,36.79852805887764
Llama-3.1-8B,8,Prefill,4,512,114.38,34.971148802238154
Llama-3.1-8B,8,Prefill,4,1024,148.11,27.00695429072986
Llama-3.1-8B,8,Prefill,4,2048,195.64,20.445716622367616
Llama-3.1-8B,8,Prefill,4,4096,283.3,14.11930815390046
Llama-3.1-8B,8,Prefill,4,8192,497.1599999999999,8.045699573577924
Llama-3.1-8B,8,Prefill,4,16384,964.43,4.147527555136195
Llama-3.1-8B,8,Prefill,4,32768,2150.4000000000005,1.860119047619047
Llama-3.1-8B,8,Prefill,4,65536,5491.4699999999975,0.7284024131971952
Llama-3.1-8B,8,Prefill,4,131072,16144.979999999998,0.2477550297367975
Llama-3.1-8B,8,Prefill,4,262144,53371.26000000002,0.0749467035254554
Llama-3.1-8B,8,Prefill,4,524288,198333.2800000004,0.0201680726502379
Llama-3.1-8B,8,Prefill,8,128,108.62,73.65126127784937
Llama-3.1-8B,8,Prefill,8,256,114.02,70.1631292755657
Llama-3.1-8B,8,Prefill,8,512,146.68,54.540496318516496
Llama-3.1-8B,8,Prefill,8,1024,193.47,41.35008011578022
Llama-3.1-8B,8,Prefill,8,2048,285.1,28.06032970887408
Llama-3.1-8B,8,Prefill,8,4096,475.88000000000005,16.810960746406657
Llama-3.1-8B,8,Prefill,8,8192,897.14,8.917225851037744
Llama-3.1-8B,8,Prefill,8,16384,1921.8499999999992,4.162655774384059
Llama-3.1-8B,8,Prefill,8,32768,4309.289999999999,1.8564543114991103
Llama-3.1-8B,8,Prefill,8,65536,11165.65,0.7164831424950631
Llama-3.1-8B,8,Prefill,8,131072,33117.96999999998,0.2415606995235519
Llama-3.1-8B,8,Prefill,8,262144,110652.38000000014,0.072298490100258
Llama-3.1-8B,8,Prefill,16,128,119.96,133.3777925975325
Llama-3.1-8B,8,Prefill,16,256,149.53,107.0019394101518
Llama-3.1-8B,8,Prefill,16,512,193.52,82.67879288962381
Llama-3.1-8B,8,Prefill,16,1024,283.36,56.46527385657821
Llama-3.1-8B,8,Prefill,16,2048,469.85,34.0534213046717
Llama-3.1-8B,8,Prefill,16,4096,847.7800000000002,18.872820778975672
Llama-3.1-8B,8,Prefill,16,8192,1723.3299999999997,9.284350646713053
Llama-3.1-8B,8,Prefill,16,16384,3720.88,4.300058050783686
Llama-3.1-8B,8,Prefill,16,32768,8748.679999999998,1.8288473232533369
Llama-3.1-8B,8,Prefill,16,65536,23272.640000000003,0.687502578134668
Llama-3.1-8B,8,Prefill,16,131072,71252.60999999993,0.2245531777713127
Llama-3.1-8B,8,Prefill,32,128,157.03,203.78271667834173
Llama-3.1-8B,8,Prefill,32,256,194.25,164.73616473616474
Llama-3.1-8B,8,Prefill,32,512,281.53000000000003,113.66461833552374
Llama-3.1-8B,8,Prefill,32,1024,452.91,70.65421386147358
Llama-3.1-8B,8,Prefill,32,2048,832.6300000000001,38.432436976808425
Llama-3.1-8B,8,Prefill,32,4096,1638.41,19.53113079143804
Llama-3.1-8B,8,Prefill,32,8192,3402.4000000000005,9.405125793557488
Llama-3.1-8B,8,Prefill,32,16384,7562.99,4.2311308093756566
Llama-3.1-8B,8,Prefill,32,32768,18627.800000000003,1.717862549522756
Llama-3.1-8B,8,Prefill,32,65536,50446.960000000014,0.6343296008322403
Llama-3.1-8B,8,Prefill,32,131072,148225.49999999985,0.2158872798540064
Llama-3.1-8B,8,Prefill,64,128,201.87,317.0357160548868
Llama-3.1-8B,8,Prefill,64,256,285.54,224.1367234012748
Llama-3.1-8B,8,Prefill,64,512,473.08,135.28367295172063
Llama-3.1-8B,8,Prefill,64,1024,833.09,76.82243215018785
Llama-3.1-8B,8,Prefill,64,2048,1617.3400000000004,39.57114768694274
Llama-3.1-8B,8,Prefill,64,4096,3313.310000000002,19.316031400623533
Llama-3.1-8B,8,Prefill,64,8192,7160.769999999995,8.937586321024142
Llama-3.1-8B,8,Prefill,64,16384,16403.61999999999,3.901577822456265
Llama-3.1-8B,8,Prefill,64,32768,41568.08,1.5396429183161695
Llama-3.1-8B,8,Prefill,64,65536,109269.41000000012,0.5857082965854755
Llama-3.1-8B,8,Prefill,128,128,309.11,414.0920707838633
Llama-3.1-8B,8,Prefill,128,256,496.97,257.5608185604765
Llama-3.1-8B,8,Prefill,128,512,894.92,143.02954454029413
Llama-3.1-8B,8,Prefill,128,1024,1717.85,74.51174433157726
Llama-3.1-8B,8,Prefill,128,2048,3483.779999999998,36.741700107354674
Llama-3.1-8B,8,Prefill,128,4096,7245.64,17.665796258163528
Llama-3.1-8B,8,Prefill,128,8192,16032.08999999999,7.983987115840797
Llama-3.1-8B,8,Prefill,128,16384,38454.78,3.3285848989384417
Llama-3.1-8B,8,Prefill,128,32768,92152.26000000004,1.389005543651343
Llama-3.1-8B,8,Prefill,256,128,571.3100000000001,448.09297929320326
Llama-3.1-8B,8,Prefill,256,256,1013.39,252.617452313522
Llama-3.1-8B,8,Prefill,256,512,1916.79,133.55662331293465
Llama-3.1-8B,8,Prefill,256,1024,3828.96,66.85888596381263
Llama-3.1-8B,8,Prefill,256,2048,7941.310000000004,32.236494986343544
Llama-3.1-8B,8,Prefill,256,4096,17236.79,14.851953292927512
Llama-3.1-8B,8,Prefill,256,8192,40120.28999999991,6.380811305202444
Llama-3.1-8B,8,Prefill,256,16384,88490.0099999999,2.892981930954696
Llama-3.1-8B,8,Prefill,512,128,1599.6400000000003,320.0720162036457
Llama-3.1-8B,8,Prefill,512,256,2453.1600000000003,208.7103980172512
Llama-3.1-8B,8,Prefill,512,512,5220.27,98.079218124733
Llama-3.1-8B,8,Prefill,512,1024,10423.830000000004,49.11822238083313
Llama-3.1-8B,8,Prefill,512,2048,21986.52,23.286995850184567
Llama-3.1-8B,8,Prefill,512,4096,49540.08000000005,10.335066071754415
Llama-3.1-8B,8,Prefill,512,8192,95420.08,5.36574691616272
Llama-3.1-8B,8,Prefill,1024,128,4496.639999999998,227.7255906632509
Llama-3.1-8B,8,Prefill,1024,256,8719.819999999998,117.4336167489696
Llama-3.1-8B,8,Prefill,1024,512,17930.380000000005,57.10977681454603
Llama-3.1-8B,8,Prefill,1024,1024,37238.20999999999,27.49863648118425
Llama-3.1-8B,8,Prefill,1024,2048,76939.47000000004,13.309163684127268
Llama-3.1-8B,8,Prefill,1024,4096,120827.74000000008,8.474875057664732
Llama-3.1-8B,8,Prefill,2048,128,14129.539999999995,144.944562951094
Llama-3.1-8B,8,Prefill,2048,256,29040.54000000001,70.52210461651192
Llama-3.1-8B,8,Prefill,2048,512,63372.740000000005,32.316734293009894
Llama-3.1-8B,8,Prefill,2048,1024,22513.35,90.96824772856992
Llama-3.1-8B,8,Prefill,2048,2048,184786.5900000001,11.083055323440943
Llama-3.1-8B,8,Prefill,4096,128,4077.63,1004.5050678948312
Llama-3.1-8B,8,Prefill,4096,256,8143.74,502.9630120804446
Llama-3.1-8B,8,Prefill,4096,512,16900.1,242.3654297903563
Llama-3.1-8B,8,Prefill,4096,1024,88876.29999999993,46.08652700438703
Llama-3.1-8B,8,Prefill,8192,128,8863.68,924.221091014116
Llama-3.1-8B,8,Prefill,8192,256,15128.37,541.4991833224597
Llama-3.1-8B,8,Prefill,8192,512,104523.04999999992,78.3750569850383
Llama-4-Scout-109B,4,Decoding,1,128,15.099333333333332,66.22808954037706
Llama-4-Scout-109B,4,Decoding,1,256,14.973174603174606,66.78610424992843
Llama-4-Scout-109B,4,Decoding,1,512,15.126031746031744,66.11119272986757
Llama-4-Scout-109B,4,Decoding,1,1024,14.998503937007875,66.6733164987584
Llama-4-Scout-109B,4,Decoding,1,2048,14.98588235294119,66.72947087454854
Llama-4-Scout-109B,4,Decoding,1,4096,14.424763779527572,69.32522537521591
Llama-4-Scout-109B,4,Decoding,1,8192,15.010039370078747,66.62207708751357
Llama-4-Scout-109B,4,Decoding,1,16384,14.860078740157478,67.29439442993171
Llama-4-Scout-109B,4,Decoding,1,32768,15.165629921259836,65.93857328657063
Llama-4-Scout-109B,4,Decoding,1,65536,15.333543307086613,65.21649823350589
Llama-4-Scout-109B,4,Decoding,1,131072,15.6546183953033,63.878912583395845
Llama-4-Scout-109B,4,Decoding,1,262144,16.22921722113502,61.61726633972943
Llama-4-Scout-109B,4,Decoding,1,524288,17.407759295498984,57.445647255621445
Llama-4-Scout-109B,4,Decoding,1,1048576,19.081007827788635,52.40813320896234
Llama-4-Scout-109B,4,Decoding,2,128,15.856666666666667,126.12991381122556
Llama-4-Scout-109B,4,Decoding,2,256,15.941111111111113,125.46176901094304
Llama-4-Scout-109B,4,Decoding,2,512,16.048888888888893,124.6192190528939
Llama-4-Scout-109B,4,Decoding,2,1024,15.997716535433067,125.01784211329375
Llama-4-Scout-109B,4,Decoding,2,2048,16.04552941176471,124.64531077008802
Llama-4-Scout-109B,4,Decoding,2,4096,15.853897637795276,126.15194355942178
Llama-4-Scout-109B,4,Decoding,2,8192,16.26857142857143,122.93642430628732
Llama-4-Scout-109B,4,Decoding,2,16384,15.549230769230768,128.6237261304047
Llama-4-Scout-109B,4,Decoding,2,32768,15.64,127.87723785166244
Llama-4-Scout-109B,4,Decoding,2,65536,15.931538461538462,125.53715416928202
Llama-4-Scout-109B,4,Decoding,2,131072,16.211538461538463,123.3689205219454
Llama-4-Scout-109B,4,Decoding,4,128,17.343333333333337,230.6361714395541
Llama-4-Scout-109B,4,Decoding,4,256,17.397460317460315,229.9186161089012
Llama-4-Scout-109B,4,Decoding,4,512,17.05238095238095,234.5713487852556
Llama-4-Scout-109B,4,Decoding,4,1024,16.188661417322834,247.08651919298043
Llama-4-Scout-109B,4,Decoding,4,2048,16.28549019607843,245.617414756309
Llama-4-Scout-109B,4,Decoding,4,4096,16.38362204724411,244.146257064862
Llama-4-Scout-109B,4,Decoding,4,8192,16.283571428571427,245.6463569767952
Llama-4-Scout-109B,4,Decoding,4,16384,15.758461538461535,253.8318851898858
Llama-4-Scout-109B,4,Decoding,4,32768,15.910769230769231,251.4020498936376
Llama-4-Scout-109B,4,Decoding,4,65536,16.256923076923076,246.0490205356298
Llama-4-Scout-109B,4,Decoding,8,128,22.79166666666666,351.0054844606948
Llama-4-Scout-109B,4,Decoding,8,256,23.0552380952381,346.99272967614
Llama-4-Scout-109B,4,Decoding,8,512,23.0552380952381,346.99272967614
Llama-4-Scout-109B,4,Decoding,8,1024,21.2588188976378,376.3144151385066
Llama-4-Scout-109B,4,Decoding,8,2048,21.043686274509813,380.161531380098
Llama-4-Scout-109B,4,Decoding,8,4096,20.89070866141733,382.9453624412012
Llama-4-Scout-109B,4,Decoding,8,8192,21.01642857142857,380.6545899466404
Llama-4-Scout-109B,4,Decoding,8,16384,20.66153846153846,387.1928518242741
Llama-4-Scout-109B,4,Decoding,8,32768,20.89,382.95835327908094
Llama-4-Scout-109B,4,Decoding,16,128,24.68066666666667,648.2807055455011
Llama-4-Scout-109B,4,Decoding,16,256,26.04571428571429,614.3045195261078
Llama-4-Scout-109B,4,Decoding,16,512,25.16206349206349,635.8778963039597
Llama-4-Scout-109B,4,Decoding,16,1024,21.800708661417325,733.9210962585192
Llama-4-Scout-109B,4,Decoding,16,2048,21.5083137254902,743.8983922313669
Llama-4-Scout-109B,4,Decoding,16,4096,21.79736220472442,734.0337720557819
Llama-4-Scout-109B,4,Decoding,16,8192,21.561428571428568,742.0658583449282
Llama-4-Scout-109B,4,Decoding,16,16384,21.21,754.3611504007544
Llama-4-Scout-109B,4,Decoding,32,128,27.18166666666667,1177.264087313753
Llama-4-Scout-109B,4,Decoding,32,256,28.94333333333333,1105.6086606011747
Llama-4-Scout-109B,4,Decoding,32,512,27.794126984126976,1151.3223645511505
Llama-4-Scout-109B,4,Decoding,32,1024,23.02149606299212,1390.005233041355
Llama-4-Scout-109B,4,Decoding,32,2048,22.985568627450974,1392.1778711962495
Llama-4-Scout-109B,4,Decoding,32,4096,23.484566929133862,1362.5969810966487
Llama-4-Scout-109B,4,Decoding,32,8192,23.18,1380.500431406385
Llama-4-Scout-109B,4,Decoding,64,128,30.886,2072.1362429579744
Llama-4-Scout-109B,4,Decoding,64,256,32.743015873015864,1954.615306305477
Llama-4-Scout-109B,4,Decoding,64,512,31.55253968253968,2028.3628717030304
Llama-4-Scout-109B,4,Decoding,64,1024,26.385118110236206,2425.609759736909
Llama-4-Scout-109B,4,Decoding,64,2048,26.395590551181115,2424.6473999474965
Llama-4-Scout-109B,4,Decoding,64,4096,28.44087999999999,2250.28198846168
Llama-4-Scout-109B,4,Decoding,128,128,37.014,3458.1509699032795
Llama-4-Scout-109B,4,Decoding,128,256,39.40777777777777,3248.0897735923545
Llama-4-Scout-109B,4,Decoding,128,512,37.807777777777765,3385.5467716813127
Llama-4-Scout-109B,4,Decoding,128,1024,32.81357142857142,3900.8250070746
Llama-4-Scout-109B,4,Decoding,128,2048,34.13651999999998,3749.649935025599
Llama-4-Scout-109B,4,Decoding,256,128,47.184666666666665,5425.491331929864
Llama-4-Scout-109B,4,Decoding,256,256,49.28451612903226,5194.329174902802
Llama-4-Scout-109B,4,Decoding,256,512,48.00080645161291,5333.243729104013
Llama-4-Scout-109B,4,Decoding,256,1024,45.310307692307696,5649.928527045976
Llama-4-Scout-109B,4,Decoding,512,128,68.0303448275862,7526.053282510848
Llama-4-Scout-109B,4,Decoding,512,256,69.6004918032787,7356.269858654663
Llama-4-Scout-109B,4,Decoding,512,512,71.85242424242426,7125.716430562641
Llama-4-Scout-109B,4,Decoding,1024,128,115.85172413793104,8838.884424204542
Llama-4-Scout-109B,4,Decoding,1024,256,116.33363636363636,8802.269335062947
Llama-4-Scout-109B,8,Decoding,1,128,13.908,71.90106413574921
Llama-4-Scout-109B,8,Decoding,1,256,13.946190476190472,71.7041690852597
Llama-4-Scout-109B,8,Decoding,1,512,13.922698412698416,71.8251570462759
Llama-4-Scout-109B,8,Decoding,1,1024,13.877322834645671,72.06000839754428
Llama-4-Scout-109B,8,Decoding,1,2048,13.86392156862746,72.12966367776421
Llama-4-Scout-109B,8,Decoding,1,4096,13.856496062992116,72.16831697234026
Llama-4-Scout-109B,8,Decoding,1,8192,13.874960629921272,72.07227657594255
Llama-4-Scout-109B,8,Decoding,1,16384,13.89952755905514,71.9448913462191
Llama-4-Scout-109B,8,Decoding,1,32768,13.946889763779517,71.70057388687688
Llama-4-Scout-109B,8,Decoding,1,65536,14.012637795275584,71.3641510335159
Llama-4-Scout-109B,8,Decoding,1,131072,14.18768101761251,70.48368219997373
Llama-4-Scout-109B,8,Decoding,1,262144,14.503855185909922,68.9471859158847
Llama-4-Scout-109B,8,Decoding,1,524288,15.116076320939351,66.15473346180204
Llama-4-Scout-109B,8,Decoding,1,1048576,16.17609589041096,61.81961375444064
Llama-4-Scout-109B,8,Decoding,2,128,14.37866666666667,139.09495548961422
Llama-4-Scout-109B,8,Decoding,2,256,14.394761904761902,138.93942902510838
Llama-4-Scout-109B,8,Decoding,2,512,14.546984126984125,137.48554219496762
Llama-4-Scout-109B,8,Decoding,2,1024,14.404251968503935,138.84789049602588
Llama-4-Scout-109B,8,Decoding,2,2048,14.3935294117647,138.95132616780424
Llama-4-Scout-109B,8,Decoding,2,4096,14.44271653543307,138.47810383131844
Llama-4-Scout-109B,8,Decoding,2,8192,14.40857142857143,138.8062661114416
Llama-4-Scout-109B,8,Decoding,2,16384,14.49153846153846,138.01157173947664
Llama-4-Scout-109B,8,Decoding,2,32768,14.639999999999995,136.61202185792354
Llama-4-Scout-109B,8,Decoding,2,65536,14.75692307692308,135.5296080066722
Llama-4-Scout-109B,8,Decoding,2,131072,14.875384615384617,134.45030509876926
Llama-4-Scout-109B,8,Decoding,2,262144,15.323846153846151,130.5155363686562
Llama-4-Scout-109B,8,Decoding,4,128,20.389666666666667,196.1778024816492
Llama-4-Scout-109B,8,Decoding,4,256,20.26063492063492,197.42717914166187
Llama-4-Scout-109B,8,Decoding,4,512,20.29428571428572,197.0998169787414
Llama-4-Scout-109B,8,Decoding,4,1024,19.97968503937008,200.2033561649234
Llama-4-Scout-109B,8,Decoding,4,2048,19.99650980392157,200.03490805258173
Llama-4-Scout-109B,8,Decoding,4,4096,20.047716535433075,199.5239703699048
Llama-4-Scout-109B,8,Decoding,4,8192,20.46928571428571,195.4147328750393
Llama-4-Scout-109B,8,Decoding,4,16384,19.903076923076927,200.9739506840844
Llama-4-Scout-109B,8,Decoding,4,32768,20.012307692307694,199.8769987699877
Llama-4-Scout-109B,8,Decoding,4,65536,20.147692307692303,198.53390348197928
Llama-4-Scout-109B,8,Decoding,4,131072,20.574615384615388,194.41432684039327
Llama-4-Scout-109B,8,Decoding,8,128,20.142333333333333,397.1734489549374
Llama-4-Scout-109B,8,Decoding,8,256,20.208095238095243,395.880952942008
Llama-4-Scout-109B,8,Decoding,8,512,20.24777777777777,395.1050869779949
Llama-4-Scout-109B,8,Decoding,8,1024,19.296929133858264,414.5737357745308
Llama-4-Scout-109B,8,Decoding,8,2048,19.26258823529412,415.31282828036063
Llama-4-Scout-109B,8,Decoding,8,4096,19.390905511811013,412.5645393469219
Llama-4-Scout-109B,8,Decoding,8,8192,19.298571428571428,414.538455844252
Llama-4-Scout-109B,8,Decoding,8,16384,19.07153846153846,419.4732384140685
Llama-4-Scout-109B,8,Decoding,8,32768,19.33538461538462,413.7492043284531
Llama-4-Scout-109B,8,Decoding,8,65536,19.792307692307688,404.197434900894
Llama-4-Scout-109B,8,Decoding,16,128,21.22766666666666,753.7333354270372
Llama-4-Scout-109B,8,Decoding,16,256,21.410952380952384,747.2810977915174
Llama-4-Scout-109B,8,Decoding,16,512,21.24650793650794,753.0649294375172
Llama-4-Scout-109B,8,Decoding,16,1024,19.96338582677166,801.4672530419862
Llama-4-Scout-109B,8,Decoding,16,2048,19.9226274509804,803.1069214825196
Llama-4-Scout-109B,8,Decoding,16,4096,20.034724409448824,798.6134310115114
Llama-4-Scout-109B,8,Decoding,16,8192,20.12071428571429,795.2003976001987
Llama-4-Scout-109B,8,Decoding,16,16384,19.78538461538461,808.6777341471949
Llama-4-Scout-109B,8,Decoding,16,32768,20.06153846153846,797.5460122699387
Llama-4-Scout-109B,8,Decoding,32,128,22.822000000000003,1402.1558145648935
Llama-4-Scout-109B,8,Decoding,32,256,23.349841269841267,1370.4589949967371
Llama-4-Scout-109B,8,Decoding,32,512,22.939523809523813,1394.9722873808978
Llama-4-Scout-109B,8,Decoding,32,1024,21.76023622047244,1470.572271172948
Llama-4-Scout-109B,8,Decoding,32,2048,21.5555294117647,1484.5378830053164
Llama-4-Scout-109B,8,Decoding,32,4096,21.759212598425204,1470.641451534692
Llama-4-Scout-109B,8,Decoding,32,8192,21.97846153846154,1455.9708805823882
Llama-4-Scout-109B,8,Decoding,32,16384,22.12769230769231,1446.1517068761732
Llama-4-Scout-109B,8,Decoding,64,128,25.081000000000007,2551.7323870659056
Llama-4-Scout-109B,8,Decoding,64,256,25.488730158730167,2510.9136312967444
Llama-4-Scout-109B,8,Decoding,64,512,25.157460317460323,2543.9769830653904
Llama-4-Scout-109B,8,Decoding,64,1024,24.09834645669291,2655.7838777450675
Llama-4-Scout-109B,8,Decoding,64,2048,24.08349019607844,2657.4221376941973
Llama-4-Scout-109B,8,Decoding,64,4096,24.876015936254973,2572.7592458535405
Llama-4-Scout-109B,8,Decoding,128,128,29.372,4357.8918698079815
Llama-4-Scout-109B,8,Decoding,128,256,29.75428571428572,4301.901286729402
Llama-4-Scout-109B,8,Decoding,128,512,29.46031746031746,4344.827586206897
Llama-4-Scout-109B,8,Decoding,128,1024,28.97912698412698,4416.972259727171
Llama-4-Scout-109B,8,Decoding,128,2048,29.61956,4321.468651121084
Llama-4-Scout-109B,8,Decoding,128,4096,30.943250000000003,4136.604913834196
Llama-4-Scout-109B,8,Decoding,256,128,38.46399999999999,6655.574043261233
Llama-4-Scout-109B,8,Decoding,256,256,38.931612903225805,6575.633037253083
Llama-4-Scout-109B,8,Decoding,256,512,39.240161290322575,6523.928332148187
Llama-4-Scout-109B,8,Decoding,256,1024,39.418048780487794,6494.486863761804
Llama-4-Scout-109B,8,Decoding,256,2048,40.04241666666666,6393.220522404367
Llama-4-Scout-109B,8,Decoding,512,128,57.729655172413786,8868.925311798157
Llama-4-Scout-109B,8,Decoding,512,256,57.43016393442621,8915.175665954948
Llama-4-Scout-109B,8,Decoding,512,512,58.02590163934426,8823.645743280276
Llama-4-Scout-109B,8,Decoding,512,1024,59.73201680672268,8571.617490444016
Llama-4-Scout-109B,8,Decoding,512,2048,62.41465116279067,8203.202140224981
Llama-4-Scout-109B,8,Decoding,1024,128,101.36607142857144,10101.999471505327
Llama-4-Scout-109B,8,Decoding,1024,256,101.37716666666668,10100.893856769191
Llama-4-Scout-109B,8,Decoding,1024,512,98.11666666666666,10436.555121454052
Llama-4-Scout-109B,4,Prefill,1,128,2685.52,0.3723673627453901
Llama-4-Scout-109B,4,Prefill,1,256,2623.41,0.3811832691039525
Llama-4-Scout-109B,4,Prefill,1,512,2629.16,0.380349617368285
Llama-4-Scout-109B,4,Prefill,1,1024,2633.53,0.3797184767213587
Llama-4-Scout-109B,4,Prefill,1,2048,2747.03,0.3640295155131178
Llama-4-Scout-109B,4,Prefill,1,4096,2847.86,0.3511408566432338
Llama-4-Scout-109B,4,Prefill,1,8192,2921.84,0.3422500889850231
Llama-4-Scout-109B,4,Prefill,1,16384,2520.19,0.3967954797058952
Llama-4-Scout-109B,4,Prefill,1,32768,3313.62,0.3017847550413143
Llama-4-Scout-109B,4,Prefill,1,65536,4914.09,0.2034964764585101
Llama-4-Scout-109B,4,Prefill,1,131072,8490.24,0.1177823006181215
Llama-4-Scout-109B,4,Prefill,1,262144,16869.04,0.059280196146313
Llama-4-Scout-109B,4,Prefill,1,524288,38888.48,0.0257145560844754
Llama-4-Scout-109B,4,Prefill,1,1048576,105162.57,0.009509086740653
Llama-4-Scout-109B,4,Prefill,2,128,246.4,8.116883116883116
Llama-4-Scout-109B,4,Prefill,2,256,250.57,7.981801492596879
Llama-4-Scout-109B,4,Prefill,2,512,252.06,7.934618741569468
Llama-4-Scout-109B,4,Prefill,2,1024,265.6,7.53012048192771
Llama-4-Scout-109B,4,Prefill,2,2048,301.42,6.635259770420012
Llama-4-Scout-109B,4,Prefill,2,4096,396.26,5.047191238076011
Llama-4-Scout-109B,4,Prefill,2,8192,573.35,3.4882706898055287
Llama-4-Scout-109B,4,Prefill,2,16384,2130.18,0.9388877935197966
Llama-4-Scout-109B,4,Prefill,2,32768,2953.96,0.677057238418936
Llama-4-Scout-109B,4,Prefill,2,65536,4525.47,0.4419430467995589
Llama-4-Scout-109B,4,Prefill,2,131072,8098.64,0.2469550443037349
Llama-4-Scout-109B,4,Prefill,4,128,219.23,18.24567805501072
Llama-4-Scout-109B,4,Prefill,4,256,219.0,18.264840182648403
Llama-4-Scout-109B,4,Prefill,4,512,221.64,18.04728388377549
Llama-4-Scout-109B,4,Prefill,4,1024,237.19,16.864117374256924
Llama-4-Scout-109B,4,Prefill,4,2048,283.48,14.110342881332016
Llama-4-Scout-109B,4,Prefill,4,4096,362.37,11.038441372078262
Llama-4-Scout-109B,4,Prefill,4,8192,545.49,7.332856697647986
Llama-4-Scout-109B,4,Prefill,4,16384,985.57,4.058565094310906
Llama-4-Scout-109B,4,Prefill,4,32768,1763.5099999999998,2.2682037527431094
Llama-4-Scout-109B,4,Prefill,4,65536,3403.26,1.1753436410970657
Llama-4-Scout-109B,4,Prefill,8,128,216.58,36.93785206390248
Llama-4-Scout-109B,4,Prefill,8,256,219.82,36.3934127922846
Llama-4-Scout-109B,4,Prefill,8,512,217.2,36.83241252302026
Llama-4-Scout-109B,4,Prefill,8,1024,236.73,33.79377349723313
Llama-4-Scout-109B,4,Prefill,8,2048,275.14,29.076106709311624
Llama-4-Scout-109B,4,Prefill,8,4096,368.64,21.70138888888889
Llama-4-Scout-109B,4,Prefill,8,8192,554.4200000000001,14.429493885501966
Llama-4-Scout-109B,4,Prefill,8,16384,972.0,8.23045267489712
Llama-4-Scout-109B,4,Prefill,8,32768,1769.2700000000002,4.521638868007709
Llama-4-Scout-109B,4,Prefill,16,128,207.99,76.92677532573681
Llama-4-Scout-109B,4,Prefill,16,256,205.09,78.01453020625091
Llama-4-Scout-109B,4,Prefill,16,512,209.7,76.29947544110634
Llama-4-Scout-109B,4,Prefill,16,1024,224.35,71.31713839982172
Llama-4-Scout-109B,4,Prefill,16,2048,265.29,60.31135738248708
Llama-4-Scout-109B,4,Prefill,16,4096,345.71,46.28156547395216
Llama-4-Scout-109B,4,Prefill,16,8192,591.98,27.0279401331126
Llama-4-Scout-109B,4,Prefill,16,16384,977.59,16.366779529250504
Llama-4-Scout-109B,4,Prefill,32,128,196.6,162.7670396744659
Llama-4-Scout-109B,4,Prefill,32,256,209.35,152.8540721280153
Llama-4-Scout-109B,4,Prefill,32,512,212.02,150.92915762663898
Llama-4-Scout-109B,4,Prefill,32,1024,230.09,139.07601373375635
Llama-4-Scout-109B,4,Prefill,32,2048,271.63,117.80731141626478
Llama-4-Scout-109B,4,Prefill,32,4096,361.2000000000001,88.59357696566997
Llama-4-Scout-109B,4,Prefill,32,8192,578.65,55.3011319450445
Llama-4-Scout-109B,4,Prefill,64,128,206.57,309.82233625405433
Llama-4-Scout-109B,4,Prefill,64,256,209.58,305.3726500620288
Llama-4-Scout-109B,4,Prefill,64,512,218.46,292.95980957612375
Llama-4-Scout-109B,4,Prefill,64,1024,229.73,278.5879075436382
Llama-4-Scout-109B,4,Prefill,64,2048,304.18,210.4017358143205
Llama-4-Scout-109B,4,Prefill,64,4096,493.71,129.63075489659923
Llama-4-Scout-109B,4,Prefill,128,128,185.76,689.0611541774333
Llama-4-Scout-109B,4,Prefill,128,256,230.9,554.3525335643136
Llama-4-Scout-109B,4,Prefill,128,512,244.38,523.7744496276291
Llama-4-Scout-109B,4,Prefill,128,1024,302.95,422.5119656709028
Llama-4-Scout-109B,4,Prefill,128,2048,489.89,261.2831451958603
Llama-4-Scout-109B,4,Prefill,256,128,189.4,1351.636747624076
Llama-4-Scout-109B,4,Prefill,256,256,194.47000000000003,1316.3984162081554
Llama-4-Scout-109B,4,Prefill,256,512,286.37,893.9483884485106
Llama-4-Scout-109B,4,Prefill,512,128,295.39,1733.3017366870918
Llama-4-Scout-109B,4,Prefill,512,256,335.75,1524.9441548771408
Llama-4-Scout-109B,4,Prefill,1024,128,363.08,2820.315082075576
Llama-4-Scout-109B,8,Prefill,1,128,2717.44,0.3679934055581724
Llama-4-Scout-109B,8,Prefill,1,256,2826.7,0.3537694130965437
Llama-4-Scout-109B,8,Prefill,1,512,3149.98,0.3174623330941784
Llama-4-Scout-109B,8,Prefill,1,1024,2681.39,0.3729409000555682
Llama-4-Scout-109B,8,Prefill,1,2048,2753.49,0.3631754609604538
Llama-4-Scout-109B,8,Prefill,1,4096,2825.49,0.3539209128328184
Llama-4-Scout-109B,8,Prefill,1,8192,2966.26,0.3371248643072421
Llama-4-Scout-109B,8,Prefill,1,16384,2464.7200000000003,0.4057255996624362
Llama-4-Scout-109B,8,Prefill,1,32768,3146.74,0.3177892040651595
Llama-4-Scout-109B,8,Prefill,1,65536,4412.64,0.2266217049204104
Llama-4-Scout-109B,8,Prefill,1,131072,7213.140000000001,0.1386358784107891
Llama-4-Scout-109B,8,Prefill,1,262144,13282.9,0.0752847646221834
Llama-4-Scout-109B,8,Prefill,1,524288,28019.52,0.0356894051004442
Llama-4-Scout-109B,8,Prefill,1,1048576,68939.56,0.014505459564871
Llama-4-Scout-109B,8,Prefill,2,128,254.26,7.865963973885
Llama-4-Scout-109B,8,Prefill,2,256,275.0,7.272727272727272
Llama-4-Scout-109B,8,Prefill,2,512,276.18,7.241653993772178
Llama-4-Scout-109B,8,Prefill,2,1024,265.72,7.526719855486978
Llama-4-Scout-109B,8,Prefill,2,2048,303.32,6.593696426216537
Llama-4-Scout-109B,8,Prefill,2,4096,363.84,5.496921723834653
Llama-4-Scout-109B,8,Prefill,2,8192,528.2,3.786444528587656
Llama-4-Scout-109B,8,Prefill,2,16384,2094.85,0.9547222951523976
Llama-4-Scout-109B,8,Prefill,2,32768,2678.44,0.7467033049088275
Llama-4-Scout-109B,8,Prefill,2,65536,4050.84,0.4937247583217308
Llama-4-Scout-109B,8,Prefill,2,131072,6746.26,0.29646055740514
Llama-4-Scout-109B,8,Prefill,2,262144,12865.33,0.1554565642700187
Llama-4-Scout-109B,8,Prefill,4,128,228.69,17.490926581835673
Llama-4-Scout-109B,8,Prefill,4,256,223.84,17.8699070764832
Llama-4-Scout-109B,8,Prefill,4,512,234.13,17.084525690855507
Llama-4-Scout-109B,8,Prefill,4,1024,239.2,16.722408026755854
Llama-4-Scout-109B,8,Prefill,4,2048,276.94,14.443561782335523
Llama-4-Scout-109B,8,Prefill,4,4096,349.02000000000004,11.460661280155865
Llama-4-Scout-109B,8,Prefill,4,8192,500.16,7.997440818937939
Llama-4-Scout-109B,8,Prefill,4,16384,886.0699999999999,4.514316024693309
Llama-4-Scout-109B,8,Prefill,4,32768,1516.74,2.6372351226973643
Llama-4-Scout-109B,8,Prefill,4,65536,2813.28,1.4218279019507478
Llama-4-Scout-109B,8,Prefill,4,131072,5596.13,0.7147796780989719
Llama-4-Scout-109B,8,Prefill,8,128,232.06,34.47384297164527
Llama-4-Scout-109B,8,Prefill,8,256,220.99,36.20073306484456
Llama-4-Scout-109B,8,Prefill,8,512,231.88,34.50060376056581
Llama-4-Scout-109B,8,Prefill,8,1024,231.01,34.63053547465478
Llama-4-Scout-109B,8,Prefill,8,2048,262.06,30.52736014653133
Llama-4-Scout-109B,8,Prefill,8,4096,347.43,23.0262211092882
Llama-4-Scout-109B,8,Prefill,8,8192,484.27,16.519710079088114
Llama-4-Scout-109B,8,Prefill,8,16384,852.9399999999999,9.379323281825217
Llama-4-Scout-109B,8,Prefill,8,32768,1500.0599999999995,5.333120008532994
Llama-4-Scout-109B,8,Prefill,8,65536,2820.2500000000005,2.8366279585143155
Llama-4-Scout-109B,8,Prefill,16,128,210.15,76.13609326671425
Llama-4-Scout-109B,8,Prefill,16,256,217.08,73.70554634236225
Llama-4-Scout-109B,8,Prefill,16,512,212.17,75.41122684639676
Llama-4-Scout-109B,8,Prefill,16,1024,217.31,73.62753669872532
Llama-4-Scout-109B,8,Prefill,16,2048,257.48,62.14074879602298
Llama-4-Scout-109B,8,Prefill,16,4096,324.65,49.283844139842905
Llama-4-Scout-109B,8,Prefill,16,8192,476.01,33.61273922816748
Llama-4-Scout-109B,8,Prefill,16,16384,864.42,18.50952083477939
Llama-4-Scout-109B,8,Prefill,16,32768,1521.84,10.513588813541505
Llama-4-Scout-109B,8,Prefill,32,128,209.93,152.43176296860858
Llama-4-Scout-109B,8,Prefill,32,256,215.27,148.6505318901844
Llama-4-Scout-109B,8,Prefill,32,512,226.51,141.2741159330714
Llama-4-Scout-109B,8,Prefill,32,1024,226.95,141.00022031284425
Llama-4-Scout-109B,8,Prefill,32,2048,249.7,128.15378454144974
Llama-4-Scout-109B,8,Prefill,32,4096,340.5,93.97944199706312
Llama-4-Scout-109B,8,Prefill,32,8192,511.29,62.58679027557746
Llama-4-Scout-109B,8,Prefill,32,16384,897.7099999999999,35.646255472257195
Llama-4-Scout-109B,8,Prefill,64,128,209.21,305.9127192772812
Llama-4-Scout-109B,8,Prefill,64,256,219.07,292.1440635413338
Llama-4-Scout-109B,8,Prefill,64,512,231.77,276.1358243085818
Llama-4-Scout-109B,8,Prefill,64,1024,233.36,274.25437092903667
Llama-4-Scout-109B,8,Prefill,64,2048,264.07,242.35998030825164
Llama-4-Scout-109B,8,Prefill,64,4096,421.63,151.7918554182577
Llama-4-Scout-109B,8,Prefill,64,8192,860.6299999999999,74.3641286034649
Llama-4-Scout-109B,8,Prefill,128,128,171.81,745.0090215936209
Llama-4-Scout-109B,8,Prefill,128,256,255.04,501.88205771643663
Llama-4-Scout-109B,8,Prefill,128,512,240.47,532.2909302615711
Llama-4-Scout-109B,8,Prefill,128,1024,272.12,470.38071439071
Llama-4-Scout-109B,8,Prefill,128,2048,433.23,295.45507005516697
Llama-4-Scout-109B,8,Prefill,128,4096,790.2900000000001,161.96586063343835
Llama-4-Scout-109B,8,Prefill,256,128,184.55,1387.1579517745868
Llama-4-Scout-109B,8,Prefill,256,256,192.37,1330.7688308987888
Llama-4-Scout-109B,8,Prefill,256,512,295.63,865.9472989886006
Llama-4-Scout-109B,8,Prefill,256,1024,418.67,611.4600998399694
Llama-4-Scout-109B,8,Prefill,256,2048,821.8200000000002,311.5037356112043
Llama-4-Scout-109B,8,Prefill,512,128,278.85,1836.1126053433743
Llama-4-Scout-109B,8,Prefill,512,256,304.49,1681.500213471707
Llama-4-Scout-109B,8,Prefill,512,512,387.48,1321.3585217301538
Llama-4-Scout-109B,8,Prefill,512,1024,668.57,765.8136021658166
Llama-4-Scout-109B,8,Prefill,1024,128,717.94,1426.3030336796946
Llama-4-Scout-109B,8,Prefill,1024,256,759.25,1348.6993743826145
Mixtral-8x22B,8,Decoding,1,128,9.68,103.30578512396691
Mixtral-8x22B,8,Decoding,1,256,9.393281250000005,106.4590714772859
Mixtral-8x22B,8,Decoding,1,512,9.49546875,105.31338961017592
Mixtral-8x22B,8,Decoding,1,1024,9.44687500000001,105.85511081706905
Mixtral-8x22B,8,Decoding,1,2048,9.553906250000004,104.6692288821653
Mixtral-8x22B,8,Decoding,1,4096,9.73580078124998,102.71368760193651
Mixtral-8x22B,8,Decoding,1,8192,10.094433593750004,99.0644983408631
Mixtral-8x22B,8,Decoding,1,16384,10.25564453124999,97.50727971829548
Mixtral-8x22B,8,Decoding,1,32768,10.63671874999999,94.01395519647456
Mixtral-8x22B,8,Decoding,1,65536,11.373813229571969,87.9212608661443
Mixtral-8x22B,8,Decoding,1,131072,12.120923302393786,82.50196581992297
Mixtral-8x22B,8,Decoding,1,262144,14.121575342465754,70.81362919849643
Mixtral-8x22B,8,Decoding,1,524288,17.185219941348958,58.18953748703112
Mixtral-8x22B,8,Decoding,1,1048576,23.79966764418374,42.017393475844784
Mixtral-8x22B,8,Decoding,2,128,11.290967741935484,177.13273527227014
Mixtral-8x22B,8,Decoding,2,256,11.249687500000006,177.78271618656063
Mixtral-8x22B,8,Decoding,2,512,10.44171875,191.53934786837647
Mixtral-8x22B,8,Decoding,2,1024,10.452265625,191.34607478940725
Mixtral-8x22B,8,Decoding,2,2048,11.467647058823522,174.4036932546808
Mixtral-8x22B,8,Decoding,2,4096,11.602019607843138,172.38378037630363
Mixtral-8x22B,8,Decoding,2,8192,12.049507874015749,165.98188248940147
Mixtral-8x22B,8,Decoding,2,16384,12.263075396825396,163.09122591856118
Mixtral-8x22B,8,Decoding,2,32768,12.836794354838704,155.80213756763342
Mixtral-8x22B,8,Decoding,2,65536,13.915525291828786,143.72436239790406
Mixtral-8x22B,8,Decoding,2,131072,15.269796663190853,130.97751359198978
Mixtral-8x22B,8,Decoding,2,262144,18.285917225950776,109.37378613754554
Mixtral-8x22B,8,Decoding,2,524288,22.99501305483028,86.97538006310829
Mixtral-8x22B,8,Decoding,4,128,14.042258064516128,284.85447152603894
Mixtral-8x22B,8,Decoding,4,256,30.5304761904762,131.0166266338085
Mixtral-8x22B,8,Decoding,4,512,12.346718750000006,323.9727154228728
Mixtral-8x22B,8,Decoding,4,1024,13.635039370078736,293.36182253919685
Mixtral-8x22B,8,Decoding,4,2048,14.10280632411068,283.6314920642037
Mixtral-8x22B,8,Decoding,4,4096,14.489545454545452,276.06110989114416
Mixtral-8x22B,8,Decoding,4,8192,14.954160000000012,267.4840980703695
Mixtral-8x22B,8,Decoding,4,16384,15.361803278688534,260.3860970898651
Mixtral-8x22B,8,Decoding,4,32768,16.13012931034482,247.9831328713936
Mixtral-8x22B,8,Decoding,4,65536,17.560622568093386,227.7823570599236
Mixtral-8x22B,8,Decoding,4,131072,20.37614552014431,196.30798160748856
Mixtral-8x22B,8,Decoding,4,262144,24.62623824451411,162.42838066796762
Mixtral-8x22B,8,Decoding,8,128,16.46322580645161,485.9314993338036
Mixtral-8x22B,8,Decoding,8,256,16.887343750000003,473.7275511431452
Mixtral-8x22B,8,Decoding,8,512,15.508253968253966,515.8543325622813
Mixtral-8x22B,8,Decoding,8,1024,16.17544,494.57696359418975
Mixtral-8x22B,8,Decoding,8,2048,16.861084337349386,474.4653333047514
Mixtral-8x22B,8,Decoding,8,4096,17.100642570281124,467.81867798950697
Mixtral-8x22B,8,Decoding,8,8192,17.530206611570247,456.3551461350067
Mixtral-8x22B,8,Decoding,8,16384,18.32177631578948,436.6388859963157
Mixtral-8x22B,8,Decoding,8,32768,19.74105,405.246934686858
Mixtral-8x22B,8,Decoding,8,65536,22.71805447470817,352.14283022810497
Mixtral-8x22B,8,Decoding,8,131072,28.257873263888897,283.1069389154386
Mixtral-8x22B,8,Decoding,16,128,19.072580645161285,838.9006342494718
Mixtral-8x22B,8,Decoding,16,256,19.158253968253973,835.1491752073372
Mixtral-8x22B,8,Decoding,16,512,33.098499999999994,483.4055923984472
Mixtral-8x22B,8,Decoding,16,1024,18.77553719008264,852.1726882174802
Mixtral-8x22B,8,Decoding,16,2048,19.587634854771792,816.8418555189782
Mixtral-8x22B,8,Decoding,16,4096,19.97408713692947,801.0378592180114
Mixtral-8x22B,8,Decoding,16,8192,20.820597345132747,768.4697866625012
Mixtral-8x22B,8,Decoding,16,16384,22.068494897959155,725.0154609084666
Mixtral-8x22B,8,Decoding,16,32768,24.794742647058825,645.298087088552
Mixtral-8x22B,8,Decoding,16,65536,30.72505836575875,520.7475868566958
Mixtral-8x22B,8,Decoding,32,128,20.131379310344823,1589.5582466898477
Mixtral-8x22B,8,Decoding,32,256,19.870819672131145,1610.4016104016107
Mixtral-8x22B,8,Decoding,32,512,19.592807017543866,1633.2524467446876
Mixtral-8x22B,8,Decoding,32,1024,20.261769911504423,1579.328959896575
Mixtral-8x22B,8,Decoding,32,2048,20.870488888888893,1533.2654721392885
Mixtral-8x22B,8,Decoding,32,4096,22.12175555555555,1446.5398064650287
Mixtral-8x22B,8,Decoding,32,8192,23.071443298969072,1386.9960186422277
Mixtral-8x22B,8,Decoding,32,16384,25.735437262357408,1243.42165527553
Mixtral-8x22B,8,Decoding,32,32768,31.348132295719846,1020.7944670556708
Mixtral-8x22B,8,Decoding,64,128,21.69814814814815,2949.560467696509
Mixtral-8x22B,8,Decoding,64,256,21.397017543859647,2991.0710625353595
Mixtral-8x22B,8,Decoding,64,512,21.643877551020413,2956.956296261373
Mixtral-8x22B,8,Decoding,64,1024,22.08051546391752,2898.4830587213623
Mixtral-8x22B,8,Decoding,64,2048,22.870103626943017,2798.413205465423
Mixtral-8x22B,8,Decoding,64,4096,24.42688311688312,2620.0641192639573
Mixtral-8x22B,8,Decoding,64,8192,27.161860465116263,2356.245076886196
Mixtral-8x22B,8,Decoding,64,16384,32.69910852713177,1957.23990294404
Mixtral-8x22B,8,Decoding,128,128,23.64304347826087,5413.854612993986
Mixtral-8x22B,8,Decoding,128,256,23.535102040816323,5438.684726244776
Mixtral-8x22B,8,Decoding,128,512,23.768529411764703,5385.272171556558
Mixtral-8x22B,8,Decoding,128,1024,24.70363636363637,5181.423419445056
Mixtral-8x22B,8,Decoding,128,2048,26.084000000000007,4907.222818586105
Mixtral-8x22B,8,Decoding,128,4096,28.95899224806201,4420.043311713169
Mixtral-8x22B,8,Decoding,128,8192,34.45755813953488,3714.714765383772
Mixtral-8x22B,8,Decoding,256,512,30.156764705882352,8488.97428145085
Mixtral-8x22B,8,Decoding,256,1024,31.57530303030304,8107.602316732007
Mixtral-8x22B,8,Decoding,256,2048,34.07853846153846,7512.05924775575
Mixtral-8x22B,8,Decoding,256,4096,39.2531007751938,6521.777769000622
Mixtral-8x22B,8,Decoding,512,256,41.82058823529412,12242.773753428512
Mixtral-8x22B,8,Decoding,512,512,43.43970588235294,11786.451809472224
Mixtral-8x22B,8,Decoding,512,1024,46.176769230769246,11087.826379564813
Mixtral-8x22B,8,Decoding,512,2048,51.42813953488375,9955.63916234438
Mixtral-8x22B,8,Decoding,1024,128,65.09264705882353,15731.42353658812
Mixtral-8x22B,8,Decoding,1024,256,66.55764705882355,15385.159260437653
Mixtral-8x22B,8,Decoding,1024,512,69.17848484848484,14802.290079679708
Mixtral-8x22B,8,Decoding,1024,1024,74.18303030303028,13803.696018038923
Mixtral-8x22B,8,Decoding,2048,128,115.75920634920637,17691.897384143052
Mixtral-8x22B,8,Decoding,2048,256,118.73870967741937,17247.955663017197
Mixtral-8x22B,8,Decoding,2048,512,125.70000000000002,16292.760540970565
Mixtral-8x22B,8,Prefill,1,128,1861.12,0.5373108665749656
Mixtral-8x22B,8,Prefill,1,256,821.96,1.2166042143169984
Mixtral-8x22B,8,Prefill,1,512,2372.89,0.4214270362300823
Mixtral-8x22B,8,Prefill,1,1024,2005.05,0.4987406797835466
Mixtral-8x22B,8,Prefill,1,2048,247.99,4.032420662123473
Mixtral-8x22B,8,Prefill,1,4096,318.5,3.139717425431712
Mixtral-8x22B,8,Prefill,1,8192,477.15,2.095777009326208
Mixtral-8x22B,8,Prefill,1,16384,835.13,1.1974183660028976
Mixtral-8x22B,8,Prefill,1,32768,1704.04,0.5868406844909744
Mixtral-8x22B,8,Prefill,1,65536,4026.36,0.2483632859456183
Mixtral-8x22B,8,Prefill,1,131072,11043.240000000002,0.0905531347684194
Mixtral-8x22B,8,Prefill,1,262144,34552.04000000001,0.0289418511902625
Mixtral-8x22B,8,Prefill,1,524288,119761.07000000008,0.0083499587971283
Mixtral-8x22B,8,Prefill,1,1048576,438544.1399999999,0.002280272175111
Mixtral-8x22B,8,Prefill,2,128,832.19,2.4032973239284297
Mixtral-8x22B,8,Prefill,2,256,2375.66,0.8418713115513163
Mixtral-8x22B,8,Prefill,2,512,2008.0,0.99601593625498
Mixtral-8x22B,8,Prefill,2,1024,244.78,8.170602173380178
Mixtral-8x22B,8,Prefill,2,2048,366.46,5.457621568520439
Mixtral-8x22B,8,Prefill,2,4096,523.8199999999999,3.818105456072697
Mixtral-8x22B,8,Prefill,2,8192,1689.23,1.1839713952510906
Mixtral-8x22B,8,Prefill,2,16384,2423.1,0.825388964549544
Mixtral-8x22B,8,Prefill,2,32768,4339.97,0.4608326785669025
Mixtral-8x22B,8,Prefill,2,65536,7886.540000000002,0.2535966342654699
Mixtral-8x22B,8,Prefill,2,131072,23712.319999999985,0.0843443408321075
Mixtral-8x22B,8,Prefill,2,262144,72120.63000000005,0.0277313162683132
Mixtral-8x22B,8,Prefill,2,524288,244234.0999999997,0.0081888646998924
Mixtral-8x22B,8,Prefill,4,128,2378.93,1.6814282051174267
Mixtral-8x22B,8,Prefill,4,256,2009.39,1.990653880033244
Mixtral-8x22B,8,Prefill,4,512,241.32,16.57550140891762
Mixtral-8x22B,8,Prefill,4,1024,1221.24,3.2753594707019094
Mixtral-8x22B,8,Prefill,4,2048,1374.29,2.910593833906963
Mixtral-8x22B,8,Prefill,4,4096,1531.8200000000002,2.6112728649580235
Mixtral-8x22B,8,Prefill,4,8192,2066.65,1.9354994798345144
Mixtral-8x22B,8,Prefill,4,16384,4373.41,0.9146181126397938
Mixtral-8x22B,8,Prefill,4,32768,7976.479999999996,0.5014743345435583
Mixtral-8x22B,8,Prefill,4,65536,15581.37,0.2567168355542548
Mixtral-8x22B,8,Prefill,4,131072,47280.21,0.0846019930960543
Mixtral-8x22B,8,Prefill,4,262144,144959.17999999988,0.0275939750762939
Mixtral-8x22B,8,Prefill,8,128,2015.83,3.968588621064277
Mixtral-8x22B,8,Prefill,8,256,242.54,32.98425002061516
Mixtral-8x22B,8,Prefill,8,512,1216.23,6.5777032304745
Mixtral-8x22B,8,Prefill,8,1024,1662.73,4.811364442813926
Mixtral-8x22B,8,Prefill,8,2048,2060.8500000000004,3.881893393502681
Mixtral-8x22B,8,Prefill,8,4096,2899.95,2.758668252900912
Mixtral-8x22B,8,Prefill,8,8192,4402.82,1.817017275291745
Mixtral-8x22B,8,Prefill,8,16384,6524.73,1.2261043752002
Mixtral-8x22B,8,Prefill,8,32768,15202.44,0.526231315499354
Mixtral-8x22B,8,Prefill,8,65536,30968.65000000001,0.2583257584686448
Mixtral-8x22B,8,Prefill,8,131072,93137.09000000008,0.0858948889212664
Mixtral-8x22B,8,Prefill,16,128,243.37,65.74351810001232
Mixtral-8x22B,8,Prefill,16,256,969.08,16.510504808684523
Mixtral-8x22B,8,Prefill,16,512,1782.51,8.976106725908972
Mixtral-8x22B,8,Prefill,16,1024,2276.8,7.027406886858748
Mixtral-8x22B,8,Prefill,16,2048,3019.8100000000004,5.298346584718905
Mixtral-8x22B,8,Prefill,16,4096,3281.649999999999,4.875596117806593
Mixtral-8x22B,8,Prefill,16,8192,7488.160000000001,2.1367064806307554
Mixtral-8x22B,8,Prefill,16,16384,13265.039999999995,1.2061780439410663
Mixtral-8x22B,8,Prefill,16,32768,28026.240000000013,0.5708935626041878
Mixtral-8x22B,8,Prefill,16,65536,61796.53999999998,0.258914172217409
Mixtral-8x22B,8,Prefill,32,128,1773.94,18.038941565103663
Mixtral-8x22B,8,Prefill,32,256,1985.77,16.114655775845137
Mixtral-8x22B,8,Prefill,32,512,2446.95,13.077504648644233
Mixtral-8x22B,8,Prefill,32,1024,1996.05,16.03166253350367
Mixtral-8x22B,8,Prefill,32,2048,4706.41,6.799237635480122
Mixtral-8x22B,8,Prefill,32,4096,6943.360000000001,4.608719697667988
Mixtral-8x22B,8,Prefill,32,8192,12412.72,2.5780006316101547
Mixtral-8x22B,8,Prefill,32,16384,23207.72000000002,1.3788515200976217
Mixtral-8x22B,8,Prefill,32,32768,55864.73000000001,0.5728122198030849
Mixtral-8x22B,8,Prefill,64,128,2154.35,29.707336319539536
Mixtral-8x22B,8,Prefill,64,256,1419.51,45.085980373509166
Mixtral-8x22B,8,Prefill,64,512,3525.2,18.15499829796891
Mixtral-8x22B,8,Prefill,64,1024,4345.9,14.72652385006558
Mixtral-8x22B,8,Prefill,64,2048,6809.219999999999,9.3990207395267
Mixtral-8x22B,8,Prefill,64,4096,12058.99,5.307243807317197
Mixtral-8x22B,8,Prefill,64,8192,23246.47,2.753106170528256
Mixtral-8x22B,8,Prefill,64,16384,49779.38999999996,1.2856726448435798
Mixtral-8x22B,8,Prefill,128,128,2963.45,43.19290016703504
Mixtral-8x22B,8,Prefill,128,256,3170.3900000000003,40.373581799084654
Mixtral-8x22B,8,Prefill,128,512,4290.48,29.83349182375865
Mixtral-8x22B,8,Prefill,128,1024,5757.969999999998,22.23005677348094
Mixtral-8x22B,8,Prefill,128,2048,10894.399999999998,11.749155529446323
Mixtral-8x22B,8,Prefill,128,4096,23874.32,5.361409246420421
Mixtral-8x22B,8,Prefill,128,8192,47932.47000000002,2.670423618895499
Mixtral-8x22B,8,Prefill,256,128,1069.54,239.35523683078708
Mixtral-8x22B,8,Prefill,256,256,4906.09,52.18004561677426
Mixtral-8x22B,8,Prefill,256,512,7470.990000000001,34.26587373293231
Mixtral-8x22B,8,Prefill,256,1024,12374.979999999998,20.68690212024585
Mixtral-8x22B,8,Prefill,256,2048,24042.270000000022,10.647913029842844
Mixtral-8x22B,8,Prefill,256,4096,48409.39000000002,5.288230237976555
Mixtral-8x22B,8,Prefill,512,128,4806.47,106.5230824284766
Mixtral-8x22B,8,Prefill,512,256,8230.48,62.20779347012568
Mixtral-8x22B,8,Prefill,512,512,14220.12,36.00532203666354
Mixtral-8x22B,8,Prefill,512,1024,25871.41,19.79018538224241
Mixtral-8x22B,8,Prefill,512,2048,65017.6,7.874790825868688
Mixtral-8x22B,8,Prefill,1024,128,9849.240000000002,103.9674127140774
Mixtral-8x22B,8,Prefill,1024,256,18118.84,56.515759287018376
Mixtral-8x22B,8,Prefill,1024,512,34503.45000000002,29.67819160112972
Mixtral-8x22B,8,Prefill,1024,1024,88487.53000000004,11.572252045005657
Mixtral-8x22B,8,Prefill,2048,128,24151.579999999994,84.79776478391891
Mixtral-8x22B,8,Prefill,2048,256,47451.87000000002,43.1595214266582
Mixtral-8x7B,2,Decoding,1,128,8.394516129032256,119.12538907889176
Mixtral-8x7B,2,Decoding,1,256,8.179375000000002,122.2587300374417
Mixtral-8x7B,2,Decoding,1,512,8.19375,122.04424103737604
Mixtral-8x7B,2,Decoding,1,1024,8.251249999999997,121.1937585214362
Mixtral-8x7B,2,Decoding,1,2048,8.322421874999973,120.15733100528544
Mixtral-8x7B,2,Decoding,1,4096,8.474531250000025,118.00062687832995
Mixtral-8x7B,2,Decoding,1,8192,8.674589843750002,115.27922564782644
Mixtral-8x7B,2,Decoding,1,16384,8.917089843750013,112.14421044561976
Mixtral-8x7B,2,Decoding,1,32768,9.38609374999998,106.54059363087038
Mixtral-8x7B,2,Decoding,1,65536,10.03646484375004,99.63667641627072
Mixtral-8x7B,2,Decoding,1,131072,11.531504640937936,86.71895222154313
Mixtral-8x7B,2,Decoding,2,256,10.963548387096772,182.42269102892288
Mixtral-8x7B,2,Decoding,2,512,9.897343750000005,202.0744202200716
Mixtral-8x7B,2,Decoding,2,1024,9.961875000000006,200.7654181567224
Mixtral-8x7B,2,Decoding,2,2048,11.221960784313724,178.2219737209953
Mixtral-8x7B,2,Decoding,2,4096,11.413253968253963,175.234863393298
Mixtral-8x7B,2,Decoding,2,8192,11.529400000000017,173.4695647648618
Mixtral-8x7B,2,Decoding,2,16384,11.945447154471536,167.42780526648934
Mixtral-8x7B,2,Decoding,2,32768,12.596806722689069,158.77039665915075
Mixtral-8x7B,2,Decoding,2,65536,14.140810810810814,141.43460560769094
Mixtral-8x7B,2,Decoding,2,131072,17.16922755741127,116.48747698825156
Mixtral-8x7B,2,Decoding,4,256,14.370322580645158,278.35144114213887
Mixtral-8x7B,2,Decoding,4,512,11.858750000000002,337.3036787182459
Mixtral-8x7B,2,Decoding,4,1024,11.776953125000016,339.64642276692376
Mixtral-8x7B,2,Decoding,4,2048,14.626600790513828,273.474340162085
Mixtral-8x7B,2,Decoding,4,4096,14.720967741935484,271.7212665717103
Mixtral-8x7B,2,Decoding,4,8192,14.96917355371902,267.2158209433158
Mixtral-8x7B,2,Decoding,4,16384,15.675347826086956,255.17775071907425
Mixtral-8x7B,2,Decoding,4,32768,17.07621359223301,234.24396622793304
Mixtral-8x7B,2,Decoding,4,65536,20.22253164556961,197.79917124651044
Mixtral-8x7B,2,Decoding,8,256,17.35225806451613,461.03509815585966
Mixtral-8x7B,2,Decoding,8,512,13.757031250000004,581.5208132205121
Mixtral-8x7B,2,Decoding,8,1024,13.619609374999996,587.3883589264103
Mixtral-8x7B,2,Decoding,8,2048,17.776064257028125,450.0433776749563
Mixtral-8x7B,2,Decoding,8,4096,18.07641666666668,442.5655896033964
Mixtral-8x7B,2,Decoding,8,8192,18.546415929203533,431.3501881192609
Mixtral-8x7B,2,Decoding,8,16384,20.081212121212115,398.382326311342
Mixtral-8x7B,2,Decoding,8,32768,22.968380281690152,348.30492624581854
Mixtral-8x7B,2,Decoding,16,256,18.978064516129034,843.0785966820777
Mixtral-8x7B,2,Decoding,16,512,14.614687500000002,1094.7890606624328
Mixtral-8x7B,2,Decoding,16,1024,14.61570312500003,1094.7129852844466
Mixtral-8x7B,2,Decoding,16,2048,19.88800829875517,804.5048935846163
Mixtral-8x7B,2,Decoding,16,4096,20.67196428571427,773.9951452536654
Mixtral-8x7B,2,Decoding,16,8192,21.8580412371134,731.9960570315485
Mixtral-8x7B,2,Decoding,16,16384,24.900820895522383,642.5490977639652
Mixtral-8x7B,2,Decoding,32,256,20.15709677419355,1587.5302062829064
Mixtral-8x7B,2,Decoding,32,512,16.18578125,1977.043894622016
Mixtral-8x7B,2,Decoding,32,1024,16.458750000000006,1944.2545758335227
Mixtral-8x7B,2,Decoding,32,2048,21.8796,1462.5495895720214
Mixtral-8x7B,2,Decoding,32,4096,23.507968750000003,1361.240536786063
Mixtral-8x7B,2,Decoding,32,8192,26.45138461538463,1209.766538322844
Mixtral-8x7B,2,Decoding,64,256,21.28903225806452,3006.2428025940967
Mixtral-8x7B,2,Decoding,64,512,17.42859375,3672.126444510188
Mixtral-8x7B,2,Decoding,64,1024,19.684803149606303,3251.239014868177
Mixtral-8x7B,2,Decoding,64,2048,23.88870466321244,2679.090427977755
Mixtral-8x7B,2,Decoding,64,4096,27.32700787401575,2342.005399751623
Mixtral-8x7B,2,Decoding,128,256,23.87032258064517,5362.307089380793
Mixtral-8x7B,2,Decoding,128,512,21.883809523809525,5849.073026373052
Mixtral-8x7B,2,Decoding,128,1024,24.19968,5289.326139849783
Mixtral-8x7B,2,Decoding,128,2048,28.525692307692303,4487.1829443902125
Mixtral-8x7B,2,Decoding,256,256,28.91620689655172,8853.166700454345
Mixtral-8x7B,2,Decoding,256,512,28.42295081967214,9006.805859960778
Mixtral-8x7B,2,Decoding,256,1024,32.16090909090909,7959.973994403144
Mixtral-8x7B,2,Decoding,512,128,41.00765625000001,12485.473368159144
Mixtral-8x7B,2,Decoding,512,256,42.52571428571432,12039.774254232723
Mixtral-8x7B,2,Decoding,512,512,44.3447619047619,11545.895794854174
Mixtral-8x7B,2,Decoding,1024,128,61.241746031746025,16720.620595454395
Mixtral-8x7B,2,Decoding,1024,256,64.02677419354836,15993.309250666309
Mixtral-8x7B,2,Decoding,2048,128,110.25866666666668,18574.503591554403
Mixtral-8x7B,4,Decoding,1,128,5.945806451612902,168.1857638888889
Mixtral-8x7B,4,Decoding,1,256,5.837343749999999,171.3107952568324
Mixtral-8x7B,4,Decoding,1,512,5.796249999999999,172.5253396592625
Mixtral-8x7B,4,Decoding,1,1024,5.880078125000003,170.0657676210721
Mixtral-8x7B,4,Decoding,1,2048,5.886757812500005,169.8727944738255
Mixtral-8x7B,4,Decoding,1,4096,6.016562500000025,166.20786370955108
Mixtral-8x7B,4,Decoding,1,8192,6.271777343750033,159.44443579402937
Mixtral-8x7B,4,Decoding,1,16384,6.398906249999987,156.27670744512034
Mixtral-8x7B,4,Decoding,1,32768,6.7512109374999865,148.12157541181878
Mixtral-8x7B,4,Decoding,1,65536,7.3560351562499955,135.94279781960506
Mixtral-8x7B,4,Decoding,1,131072,8.270175867122571,120.91641291153442
Mixtral-8x7B,4,Decoding,1,262144,9.809452054794576,101.94249326201955
Mixtral-8x7B,4,Decoding,1,524288,12.856295210166191,77.78290585683222
Mixtral-8x7B,4,Decoding,2,128,7.671290322580647,260.71233337538365
Mixtral-8x7B,4,Decoding,2,256,7.568281249999997,264.2607923694697
Mixtral-8x7B,4,Decoding,2,512,7.112968750000001,281.17654811853345
Mixtral-8x7B,4,Decoding,2,1024,7.151250000000001,279.6713861213074
Mixtral-8x7B,4,Decoding,2,2048,7.730509803921575,258.71514954750194
Mixtral-8x7B,4,Decoding,2,4096,7.8699215686274515,254.1321387461818
Mixtral-8x7B,4,Decoding,2,8192,8.035492125984257,248.89576999679065
Mixtral-8x7B,4,Decoding,2,16384,8.259900793650793,242.1336587404726
Mixtral-8x7B,4,Decoding,2,32768,8.713770161290315,229.521775647092
Mixtral-8x7B,4,Decoding,2,65536,9.487604166666658,210.8013746006304
Mixtral-8x7B,4,Decoding,2,131072,11.104408546117773,180.10864709216978
Mixtral-8x7B,4,Decoding,2,262144,13.613076062639838,146.91756593418765
Mixtral-8x7B,4,Decoding,2,524288,20.14096605744125,99.30010280023696
Mixtral-8x7B,4,Decoding,4,128,9.213548387096774,434.14326727820185
Mixtral-8x7B,4,Decoding,4,256,9.32125,429.1269947700148
Mixtral-8x7B,4,Decoding,4,512,7.945312500000003,503.4414945919369
Mixtral-8x7B,4,Decoding,4,1024,9.00740157480315,444.0792349249086
Mixtral-8x7B,4,Decoding,4,2048,9.506877470355734,420.7480334602783
Mixtral-8x7B,4,Decoding,4,4096,9.670000000000009,413.6504653567732
Mixtral-8x7B,4,Decoding,4,8192,9.79925999999999,408.1940881250221
Mixtral-8x7B,4,Decoding,4,16384,10.154221311475414,393.9248394635194
Mixtral-8x7B,4,Decoding,4,32768,10.961508620689653,364.9132741135715
Mixtral-8x7B,4,Decoding,4,65536,12.544879807692295,318.8551872411939
Mixtral-8x7B,4,Decoding,4,131072,15.738569711538496,254.15270086883817
Mixtral-8x7B,4,Decoding,4,262144,20.149702194357392,198.51410017961143
Mixtral-8x7B,4,Decoding,8,128,10.638387096774194,751.9936929561236
Mixtral-8x7B,4,Decoding,8,256,10.90078125,733.8923528990182
Mixtral-8x7B,4,Decoding,8,512,9.90968253968254,807.2912495394914
Mixtral-8x7B,4,Decoding,8,1024,10.46792,764.2396961382966
Mixtral-8x7B,4,Decoding,8,2048,11.025301204819268,725.6037591520058
Mixtral-8x7B,4,Decoding,8,4096,11.339036144578303,705.527339184394
Mixtral-8x7B,4,Decoding,8,8192,11.65289256198347,686.5248226950355
Mixtral-8x7B,4,Decoding,8,16384,12.288026315789478,651.0402724089558
Mixtral-8x7B,4,Decoding,8,32768,13.893624999999997,575.8036509550245
Mixtral-8x7B,4,Decoding,8,65536,17.133055555555547,466.9336402989675
Mixtral-8x7B,4,Decoding,8,131072,23.388266897747,342.05185168169265
Mixtral-8x7B,4,Decoding,16,128,11.681612903225806,1369.673874023141
Mixtral-8x7B,4,Decoding,16,256,11.976507936507934,1335.9486826061604
Mixtral-8x7B,4,Decoding,16,512,11.219016393442628,1426.14997954293
Mixtral-8x7B,4,Decoding,16,1024,11.827107438016531,1352.824440282863
Mixtral-8x7B,4,Decoding,16,2048,12.280829875518677,1302.8435506541243
Mixtral-8x7B,4,Decoding,16,4096,12.927510373443978,1237.6706370986642
Mixtral-8x7B,4,Decoding,16,8192,13.410176991150449,1193.1237007951954
Mixtral-8x7B,4,Decoding,16,16384,14.94063775510204,1070.9047540180272
Mixtral-8x7B,4,Decoding,16,32768,18.17161764705883,880.4939830213565
Mixtral-8x7B,4,Decoding,16,65536,24.3737984496124,656.4426153386214
Mixtral-8x7B,4,Decoding,32,128,12.791379310344825,2501.68486318911
Mixtral-8x7B,4,Decoding,32,256,12.832786885245904,2493.612672457843
Mixtral-8x7B,4,Decoding,32,512,12.622456140350875,2535.164285317174
Mixtral-8x7B,4,Decoding,32,1024,13.034513274336287,2455.020707447892
Mixtral-8x7B,4,Decoding,32,2048,13.5304888888889,2365.029102997016
Mixtral-8x7B,4,Decoding,32,4096,14.32662222222224,2233.6039509972084
Mixtral-8x7B,4,Decoding,32,8192,15.928556701030914,2008.970467357468
Mixtral-8x7B,4,Decoding,32,16384,19.01543726235741,1682.8432372337068
Mixtral-8x7B,4,Decoding,32,32768,25.233294573643413,1268.1657524588377
Mixtral-8x7B,4,Decoding,64,128,13.949629629629625,4587.935429056926
Mixtral-8x7B,4,Decoding,64,256,13.937719298245613,4591.856001006986
Mixtral-8x7B,4,Decoding,64,512,14.063469387755104,4550.797405348928
Mixtral-8x7B,4,Decoding,64,1024,14.6117525773196,4380.035841788134
Mixtral-8x7B,4,Decoding,64,2048,15.420673575129529,4150.272664043628
Mixtral-8x7B,4,Decoding,64,4096,16.997376623376603,3765.286927394454
Mixtral-8x7B,4,Decoding,64,8192,20.03829457364342,3193.8845775917416
Mixtral-8x7B,4,Decoding,64,16384,26.264689922480624,2436.731603871735
Mixtral-8x7B,4,Decoding,128,128,15.81695652173913,8092.580884576266
Mixtral-8x7B,4,Decoding,128,256,15.772448979591834,8115.416963188201
Mixtral-8x7B,4,Decoding,128,512,16.091470588235293,7954.524684249968
Mixtral-8x7B,4,Decoding,128,1024,16.876969696969706,7584.299924587923
Mixtral-8x7B,4,Decoding,128,2048,18.51085271317829,6914.862431425103
Mixtral-8x7B,4,Decoding,128,4096,21.479338521400773,5959.215171941547
Mixtral-8x7B,4,Decoding,128,8192,27.61480620155039,4635.194578798588
Mixtral-8x7B,4,Decoding,256,128,19.738571428571426,12969.5302887747
Mixtral-8x7B,4,Decoding,256,256,19.62558823529412,13044.195003521816
Mixtral-8x7B,4,Decoding,256,512,20.49058823529412,12493.54079347764
Mixtral-8x7B,4,Decoding,256,1024,22.176969696969703,11543.50677743769
Mixtral-8x7B,4,Decoding,256,2048,25.168846153846147,10171.304573725152
Mixtral-8x7B,4,Decoding,256,4096,30.82630350194552,8304.596105200979
Mixtral-8x7B,4,Decoding,512,256,29.81382352941177,17173.241784801758
Mixtral-8x7B,4,Decoding,512,512,31.58058823529412,16212.490919589472
Mixtral-8x7B,4,Decoding,512,1024,34.69272727272727,14758.136366018553
Mixtral-8x7B,4,Decoding,512,2048,40.32992307692309,12695.28828565924
Mixtral-8x7B,4,Decoding,1024,128,49.53515625000001,20672.186736061823
Mixtral-8x7B,4,Decoding,1024,256,51.068593749999984,20051.46264674657
Mixtral-8x7B,4,Decoding,1024,512,54.32046874999999,18851.08916700945
Mixtral-8x7B,4,Decoding,1024,1024,59.50848484848485,17207.630182607016
Mixtral-8x7B,4,Decoding,2048,128,84.59245901639346,24210.19584739948
Mixtral-8x7B,4,Decoding,2048,256,87.90677419354839,23297.4081780185
Mixtral-8x7B,4,Decoding,2048,512,94.98238095238096,21561.893684543
Mixtral-8x7B,8,Decoding,1,128,6.212903225806451,160.95534787123574
Mixtral-8x7B,8,Decoding,1,256,5.97515625,167.35964017677364
Mixtral-8x7B,8,Decoding,1,512,5.9659375000000034,167.61824943690735
Mixtral-8x7B,8,Decoding,1,1024,5.994218750000008,166.82741182910596
Mixtral-8x7B,8,Decoding,1,2048,6.031015625000001,165.80955218467037
Mixtral-8x7B,8,Decoding,1,4096,6.131796874999989,163.0843324372192
Mixtral-8x7B,8,Decoding,1,8192,6.3420507812500135,157.67770307933435
Mixtral-8x7B,8,Decoding,1,16384,6.413769531249999,155.91455151727396
Mixtral-8x7B,8,Decoding,1,32768,6.680781249999991,149.68309282690572
Mixtral-8x7B,8,Decoding,1,65536,7.005156249999986,142.75199072112088
Mixtral-8x7B,8,Decoding,1,131072,7.560640586797147,132.26392506294522
Mixtral-8x7B,8,Decoding,1,262144,8.817974559686956,113.40472726828789
Mixtral-8x7B,8,Decoding,1,524288,10.754242424242385,92.98655921553193
Mixtral-8x7B,8,Decoding,1,1048576,14.845816226784018,67.35904477894951
Mixtral-8x7B,8,Decoding,2,128,6.048387096774194,330.66666666666663
Mixtral-8x7B,8,Decoding,2,256,5.801406250000001,344.74400064639497
Mixtral-8x7B,8,Decoding,2,512,5.62046875,355.8422062216786
Mixtral-8x7B,8,Decoding,2,1024,5.6878125000000015,351.6290313719025
Mixtral-8x7B,8,Decoding,2,2048,5.943882352941183,336.48041486055814
Mixtral-8x7B,8,Decoding,2,4096,6.054372549019615,330.33976416331706
Mixtral-8x7B,8,Decoding,2,8192,6.330059055118117,315.95281854170327
Mixtral-8x7B,8,Decoding,2,16384,6.425476190476188,311.260977507689
Mixtral-8x7B,8,Decoding,2,32768,6.746169354838711,296.4645408087026
Mixtral-8x7B,8,Decoding,2,65536,7.307187499999997,273.7031176495746
Mixtral-8x7B,8,Decoding,2,131072,8.268003128258604,241.8963767882896
Mixtral-8x7B,8,Decoding,2,262144,10.267013422818785,194.7986154917196
Mixtral-8x7B,8,Decoding,2,524288,13.674595300261082,146.25661352930973
Mixtral-8x7B,8,Decoding,2,1048576,21.01827450980392,95.1552897012124
Mixtral-8x7B,8,Decoding,4,128,7.333548387096774,545.438550189144
Mixtral-8x7B,8,Decoding,4,256,7.272968749999999,549.9817388875761
Mixtral-8x7B,8,Decoding,4,512,6.600156250000001,606.0462583745649
Mixtral-8x7B,8,Decoding,4,1024,7.166929133858272,558.1190947044603
Mixtral-8x7B,8,Decoding,4,2048,7.403992094861661,540.2490911323342
Mixtral-8x7B,8,Decoding,4,4096,7.600988142292494,526.2473674631442
Mixtral-8x7B,8,Decoding,4,8192,7.731420000000001,517.3693836319848
Mixtral-8x7B,8,Decoding,4,16384,7.999610655737698,500.02433520074027
Mixtral-8x7B,8,Decoding,4,32768,8.463232758620691,472.6326350797312
Mixtral-8x7B,8,Decoding,4,65536,9.377596153846143,426.5485455309816
Mixtral-8x7B,8,Decoding,4,131072,11.815168471720815,338.54785986114865
Mixtral-8x7B,8,Decoding,4,262144,13.73600313479624,291.2055246891392
Mixtral-8x7B,8,Decoding,4,524288,21.27472440944882,188.01653657254727
Mixtral-8x7B,8,Decoding,8,128,7.749032258064517,1032.3869786029472
Mixtral-8x7B,8,Decoding,8,256,7.681249999999999,1041.4971521562245
Mixtral-8x7B,8,Decoding,8,512,7.171269841269843,1115.5625401181962
Mixtral-8x7B,8,Decoding,8,1024,7.455839999999998,1072.9843988068417
Mixtral-8x7B,8,Decoding,8,2048,7.858554216867468,1017.9989574709472
Mixtral-8x7B,8,Decoding,8,4096,8.001787148594374,999.7766563192464
Mixtral-8x7B,8,Decoding,8,8192,8.16493801652893,979.7992322544231
Mixtral-8x7B,8,Decoding,8,16384,8.64190789473684,925.721507038072
Mixtral-8x7B,8,Decoding,8,32768,9.576924999999983,835.3411977226524
Mixtral-8x7B,8,Decoding,8,65536,11.380902777777775,702.9319339780945
Mixtral-8x7B,8,Decoding,8,131072,14.927285342584552,535.931337573993
Mixtral-8x7B,8,Decoding,8,262144,20.82432,384.1662056672199
Mixtral-8x7B,8,Decoding,16,128,8.903548387096773,1797.0363392630702
Mixtral-8x7B,8,Decoding,16,256,8.753968253968257,1827.742520398912
Mixtral-8x7B,8,Decoding,16,512,8.359344262295082,1914.0257295262004
Mixtral-8x7B,8,Decoding,16,1024,8.670743801652891,1845.285752411453
Mixtral-8x7B,8,Decoding,16,2048,9.005062240663904,1776.7783911308525
Mixtral-8x7B,8,Decoding,16,4096,9.280767634854778,1723.9953233944275
Mixtral-8x7B,8,Decoding,16,8192,9.81904867256637,1629.4857611514556
Mixtral-8x7B,8,Decoding,16,16384,10.552755102040813,1516.1917286326238
Mixtral-8x7B,8,Decoding,16,32768,12.333713235294116,1297.257338058943
Mixtral-8x7B,8,Decoding,16,65536,15.87895348837209,1007.6230786692932
Mixtral-8x7B,8,Decoding,16,131072,23.07795275590551,693.3023985806408
Mixtral-8x7B,8,Decoding,32,128,9.420689655172414,3396.778916544656
Mixtral-8x7B,8,Decoding,32,256,9.427377049180324,3394.3693811188214
Mixtral-8x7B,8,Decoding,32,512,9.380701754385964,3411.258649710118
Mixtral-8x7B,8,Decoding,32,1024,9.579557522123894,3340.4465630167488
Mixtral-8x7B,8,Decoding,32,2048,9.883911111111091,3237.584761767728
Mixtral-8x7B,8,Decoding,32,4096,10.612688888888911,3015.258464186471
Mixtral-8x7B,8,Decoding,32,8192,11.228427835051535,2849.909218822808
Mixtral-8x7B,8,Decoding,32,16384,12.978669201520905,2465.584067452008
Mixtral-8x7B,8,Decoding,32,32768,16.46705426356588,1943.2740967400268
Mixtral-8x7B,8,Decoding,32,65536,23.77341463414633,1346.0413866688557
Mixtral-8x7B,8,Decoding,64,128,10.538518518518517,6072.959865045337
Mixtral-8x7B,8,Decoding,64,256,10.390877192982458,6159.24900384953
Mixtral-8x7B,8,Decoding,64,512,10.451020408163268,6123.803944542079
Mixtral-8x7B,8,Decoding,64,1024,10.779175257731955,5937.374471585151
Mixtral-8x7B,8,Decoding,64,2048,11.233419689119168,5697.285579207124
Mixtral-8x7B,8,Decoding,64,4096,12.10719480519479,5286.113012119021
Mixtral-8x7B,8,Decoding,64,8192,13.859612403100778,4617.733753195106
Mixtral-8x7B,8,Decoding,64,16384,17.3349612403101,3691.96095178896
Mixtral-8x7B,8,Decoding,64,32768,24.68878787878788,2592.269831723393
Mixtral-8x7B,8,Decoding,128,128,12.346521739130434,10367.292319611226
Mixtral-8x7B,8,Decoding,128,256,12.200816326530614,10491.101298006157
Mixtral-8x7B,8,Decoding,128,512,12.387941176470587,10332.62897979534
Mixtral-8x7B,8,Decoding,128,1024,12.848181818181828,9962.499115545172
Mixtral-8x7B,8,Decoding,128,2048,13.72953846153846,9322.964523430672
Mixtral-8x7B,8,Decoding,128,4096,15.53189922480622,8241.104204150988
Mixtral-8x7B,8,Decoding,128,8192,19.02081395348838,6729.470164263136
Mixtral-8x7B,8,Decoding,128,16384,26.30756097560976,4865.521365461103
Mixtral-8x7B,8,Decoding,256,128,15.855000000000002,16146.326080100913
Mixtral-8x7B,8,Decoding,256,256,15.461176470588232,16557.60158271192
Mixtral-8x7B,8,Decoding,256,512,16.00151515151515,15998.484991951524
Mixtral-8x7B,8,Decoding,256,1024,16.990303030303032,15067.418135121636
Mixtral-8x7B,8,Decoding,256,2048,18.696384615384613,13692.486823861464
Mixtral-8x7B,8,Decoding,256,4096,22.01406976744185,11628.926532186082
Mixtral-8x7B,8,Decoding,256,8192,29.10388888888889,8796.075362208181
Mixtral-8x7B,8,Decoding,512,256,24.48676470588235,20909.25469941745
Mixtral-8x7B,8,Decoding,512,512,25.51882352941177,20063.620856576457
Mixtral-8x7B,8,Decoding,512,1024,27.376060606060605,18702.471745940384
Mixtral-8x7B,8,Decoding,512,2048,31.31209302325582,16351.509930036687
Mixtral-8x7B,8,Decoding,512,4096,36.801760563380284,13912.377890678072
Mixtral-8x7B,8,Decoding,1024,128,41.72171875,24543.571805751653
Mixtral-8x7B,8,Decoding,1024,256,42.57750000000001,24050.26128823909
Mixtral-8x7B,8,Decoding,1024,512,44.602500000000006,22958.354352334507
Mixtral-8x7B,8,Decoding,1024,1024,47.846363636363655,21401.83542018961
Mixtral-8x7B,8,Decoding,1024,2048,57.15891472868216,17914.965755746933
Mixtral-8x7B,8,Decoding,2048,128,72.821875,28123.417585718573
Mixtral-8x7B,8,Decoding,2048,256,77.66000000000004,26371.362348699447
Mixtral-8x7B,8,Decoding,2048,512,93.02171875,22016.363786010992
Mixtral-8x7B,8,Decoding,2048,1024,125.2531818181818,16350.882031666772
Mixtral-8x7B,2,Prefill,1,128,2631.0799999999995,0.3800720616628913
Mixtral-8x7B,2,Prefill,1,256,1778.65,0.5622241587721024
Mixtral-8x7B,2,Prefill,1,512,2274.47,0.4396628665139571
Mixtral-8x7B,2,Prefill,1,1024,145.29,6.882786151834263
Mixtral-8x7B,2,Prefill,1,2048,153.77,6.503219093451258
Mixtral-8x7B,2,Prefill,1,4096,322.8,3.097893432465923
Mixtral-8x7B,2,Prefill,1,8192,367.49,2.7211624806117176
Mixtral-8x7B,2,Prefill,1,16384,716.6199999999999,1.3954397030504313
Mixtral-8x7B,2,Prefill,1,32768,1577.68,0.6338420972567315
Mixtral-8x7B,2,Prefill,1,65536,4009.04,0.2494362740207132
Mixtral-8x7B,2,Prefill,1,131072,11830.65,0.0845262094643996
Mixtral-8x7B,2,Prefill,2,128,4097.649999999998,0.4880846338755142
Mixtral-8x7B,2,Prefill,2,256,2260.64,0.8847052162219549
Mixtral-8x7B,2,Prefill,2,512,129.57,15.435671837616733
Mixtral-8x7B,2,Prefill,2,1024,1970.35,1.0150480879031645
Mixtral-8x7B,2,Prefill,2,2048,252.65,7.916089451810806
Mixtral-8x7B,2,Prefill,2,4096,382.58,5.227664802132888
Mixtral-8x7B,2,Prefill,2,8192,1530.86,1.3064551951190837
Mixtral-8x7B,2,Prefill,2,16384,1377.31,1.4521059166055572
Mixtral-8x7B,2,Prefill,2,32768,4334.830000000001,0.4613791082925972
Mixtral-8x7B,2,Prefill,2,65536,9287.84,0.2153353201605539
Mixtral-8x7B,2,Prefill,2,131072,25341.76,0.0789211167653706
Mixtral-8x7B,2,Prefill,4,128,4493.370000000001,0.8902004508865282
Mixtral-8x7B,2,Prefill,4,256,131.97,30.309918920966886
Mixtral-8x7B,2,Prefill,4,512,1927.11,2.075646953209729
Mixtral-8x7B,2,Prefill,4,1024,207.48,19.2789666473877
Mixtral-8x7B,2,Prefill,4,2048,387.89,10.312201912913457
Mixtral-8x7B,2,Prefill,4,4096,1909.89,2.094361455371775
Mixtral-8x7B,2,Prefill,4,8192,2496.69,1.6021212084800276
Mixtral-8x7B,2,Prefill,4,16384,4098.960000000001,0.975857290629818
Mixtral-8x7B,2,Prefill,4,32768,7661.5700000000015,0.522086204263617
Mixtral-8x7B,2,Prefill,4,65536,17944.47,0.2229098992614437
Mixtral-8x7B,2,Prefill,4,131072,51768.380000000034,0.077267243054544
Mixtral-8x7B,2,Prefill,8,128,4630.39,1.7277162398847612
Mixtral-8x7B,2,Prefill,8,256,1927.89,4.149614345216791
Mixtral-8x7B,2,Prefill,8,512,207.14,38.62122236168775
Mixtral-8x7B,2,Prefill,8,1024,298.06,26.84023351003154
Mixtral-8x7B,2,Prefill,8,2048,1874.53,4.267736445935781
Mixtral-8x7B,2,Prefill,8,4096,2664.24,3.0027324865627723
Mixtral-8x7B,2,Prefill,8,8192,4042.56,1.978944035462677
Mixtral-8x7B,2,Prefill,8,16384,6919.2300000000005,1.1561980162532537
Mixtral-8x7B,2,Prefill,8,32768,14667.5,0.5454235554798023
Mixtral-8x7B,2,Prefill,8,65536,38747.52,0.2064648266521315
Mixtral-8x7B,2,Prefill,8,131072,104384.24000000002,0.0766399218885916
Mixtral-8x7B,2,Prefill,16,128,4810.389999999996,3.326133639891987
Mixtral-8x7B,2,Prefill,16,256,202.28,79.09827961241844
Mixtral-8x7B,2,Prefill,16,512,296.41,53.97928544920887
Mixtral-8x7B,2,Prefill,16,1024,501.34,31.914469222483746
Mixtral-8x7B,2,Prefill,16,2048,2807.44,5.699142279086997
Mixtral-8x7B,2,Prefill,16,4096,3988.4700000000007,4.011563331302479
Mixtral-8x7B,2,Prefill,16,8192,6928.759999999999,2.3092155017636635
Mixtral-8x7B,2,Prefill,16,16384,12574.470000000008,1.2724194339801191
Mixtral-8x7B,2,Prefill,16,32768,31391.40000000001,0.5096937377753141
Mixtral-8x7B,2,Prefill,16,65536,73193.23999999995,0.2185994225696254
Mixtral-8x7B,2,Prefill,16,131072,201204.52,0.0795210763654812
Mixtral-8x7B,2,Prefill,32,128,6564.649999999997,4.874593466521447
Mixtral-8x7B,2,Prefill,32,256,295.44,108.31302464121312
Mixtral-8x7B,2,Prefill,32,512,496.98,64.38890901042295
Mixtral-8x7B,2,Prefill,32,1024,892.42,35.857555859348736
Mixtral-8x7B,2,Prefill,32,2048,4377.46,7.310175307141584
Mixtral-8x7B,2,Prefill,32,4096,6375.000000000001,5.019607843137254
Mixtral-8x7B,2,Prefill,32,8192,11475.870000000004,2.788459611341013
Mixtral-8x7B,2,Prefill,32,16384,28392.18000000002,1.1270709047350356
Mixtral-8x7B,2,Prefill,32,32768,59215.44000000002,0.5403995984830982
Mixtral-8x7B,2,Prefill,32,65536,143581.15000000005,0.222870481257463
Mixtral-8x7B,2,Prefill,32,131072,400268.7500000002,0.0799462860890339
Mixtral-8x7B,2,Prefill,64,128,6908.829999999999,9.263507714041308
Mixtral-8x7B,2,Prefill,64,256,491.68,130.16596160104132
Mixtral-8x7B,2,Prefill,64,512,897.69,71.29409929931268
Mixtral-8x7B,2,Prefill,64,1024,3200.7,19.995625956821947
Mixtral-8x7B,2,Prefill,64,2048,6262.62,10.219365058074736
Mixtral-8x7B,2,Prefill,64,4096,11201.800000000008,5.713367494509807
Mixtral-8x7B,2,Prefill,64,8192,26080.73000000001,2.453919042910224
Mixtral-8x7B,2,Prefill,64,16384,53887.04000000002,1.1876696140667584
Mixtral-8x7B,2,Prefill,64,32768,113185.85999999991,0.5654416549911804
Mixtral-8x7B,2,Prefill,64,65536,277233.9700000002,0.2308519406911063
Mixtral-8x7B,2,Prefill,128,128,6925.669999999998,18.481966365709027
Mixtral-8x7B,2,Prefill,128,256,888.96,143.98848092152627
Mixtral-8x7B,2,Prefill,128,512,3384.58,37.81857719421612
Mixtral-8x7B,2,Prefill,128,1024,5122.87,24.98599417904417
Mixtral-8x7B,2,Prefill,128,2048,10939.610000000006,11.700599929979216
Mixtral-8x7B,2,Prefill,128,4096,24604.01,5.202403998372623
Mixtral-8x7B,2,Prefill,128,8192,50242.22999999997,2.5476576179043025
Mixtral-8x7B,2,Prefill,128,16384,107128.86000000002,1.1948227583118125
Mixtral-8x7B,2,Prefill,128,32768,219246.92999999967,0.5838166126203007
Mixtral-8x7B,2,Prefill,256,128,8105.07,31.585168295893805
Mixtral-8x7B,2,Prefill,256,256,3389.62,75.52469008325417
Mixtral-8x7B,2,Prefill,256,512,5584.86,45.83821259619758
Mixtral-8x7B,2,Prefill,256,1024,12229.87,20.932356599048067
Mixtral-8x7B,2,Prefill,256,2048,28855.070000000007,8.871924413976467
Mixtral-8x7B,2,Prefill,256,4096,52437.840000000026,4.881970729534243
Mixtral-8x7B,2,Prefill,256,8192,99031.36999999986,2.585039467796925
Mixtral-8x7B,2,Prefill,256,16384,201234.80000000025,1.2721457720036478
Mixtral-8x7B,2,Prefill,512,128,9890.7,51.76580019614385
Mixtral-8x7B,2,Prefill,512,256,18057.87,28.353288621526243
Mixtral-8x7B,2,Prefill,512,512,13900.24,36.83389639315581
Mixtral-8x7B,2,Prefill,512,1024,34960.899999999994,14.644931909647635
Mixtral-8x7B,2,Prefill,512,2048,62232.48000000003,8.22721511339416
Mixtral-8x7B,2,Prefill,512,4096,107251.08999999988,4.773844256501268
Mixtral-8x7B,2,Prefill,512,8192,194993.54999999976,2.625727876640026
Mixtral-8x7B,2,Prefill,1024,128,13799.950000000006,74.20316740278041
Mixtral-8x7B,2,Prefill,1024,256,26022.279999999988,39.35089469485381
Mixtral-8x7B,2,Prefill,1024,512,36981.559999999976,27.689475511579303
Mixtral-8x7B,2,Prefill,1024,1024,59485.23,17.214357244647115
Mixtral-8x7B,2,Prefill,1024,2048,111534.10000000014,9.181048665834023
Mixtral-8x7B,2,Prefill,1024,4096,205529.6499999998,4.982249519716504
Mixtral-8x7B,2,Prefill,2048,128,22193.04000000001,92.28118365036964
Mixtral-8x7B,2,Prefill,2048,256,45873.28999999998,44.64471591202639
Mixtral-8x7B,2,Prefill,2048,512,60302.82000000009,33.961927485314895
Mixtral-8x7B,2,Prefill,2048,1024,101291.12999999992,20.21894710820189
Mixtral-8x7B,2,Prefill,2048,2048,219473.37000000008,9.33142822748837
Mixtral-8x7B,2,Prefill,4096,128,37936.36999999998,107.97026705507147
Mixtral-8x7B,2,Prefill,4096,256,71024.16000000006,57.67051662420219
Mixtral-8x7B,2,Prefill,4096,512,108632.99999999994,37.70493312345238
Mixtral-8x7B,2,Prefill,4096,1024,192776.1600000001,21.24744055489018
Mixtral-8x7B,2,Prefill,8192,128,2585.55,3168.3781013710814
Mixtral-8x7B,4,Prefill,1,128,1827.72,0.5471297572932396
Mixtral-8x7B,4,Prefill,1,256,1897.26,0.5270758883864098
Mixtral-8x7B,4,Prefill,1,512,1096.02,0.912392109633036
Mixtral-8x7B,4,Prefill,1,1024,2276.96,0.4391820673178273
Mixtral-8x7B,4,Prefill,1,2048,135.89,7.358893222459343
Mixtral-8x7B,4,Prefill,1,4096,177.79,5.624613307835086
Mixtral-8x7B,4,Prefill,1,8192,264.34000000000003,3.7830067337519857
Mixtral-8x7B,4,Prefill,1,16384,471.61,2.12039608998961
Mixtral-8x7B,4,Prefill,1,32768,951.86,1.050574664341395
Mixtral-8x7B,4,Prefill,1,65536,2282.5600000000004,0.4381045843263703
Mixtral-8x7B,4,Prefill,1,131072,6408.2300000000005,0.1560493303142989
Mixtral-8x7B,4,Prefill,1,262144,20776.630000000005,0.0481310010333725
Mixtral-8x7B,4,Prefill,1,524288,72925.51,0.013712622647411
Mixtral-8x7B,4,Prefill,2,128,1903.66,1.0506077765987625
Mixtral-8x7B,4,Prefill,2,256,1101.98,1.8149149712335977
Mixtral-8x7B,4,Prefill,2,512,2504.16,0.798671011436969
Mixtral-8x7B,4,Prefill,2,1024,135.42,14.768867227883623
Mixtral-8x7B,4,Prefill,2,2048,207.8,9.624639076034647
Mixtral-8x7B,4,Prefill,2,4096,284.76,7.023458350891979
Mixtral-8x7B,4,Prefill,2,8192,1803.86,1.1087334937301123
Mixtral-8x7B,4,Prefill,2,16384,1598.09,1.251493970927795
Mixtral-8x7B,4,Prefill,2,32768,2595.86,0.7704575747536462
Mixtral-8x7B,4,Prefill,2,65536,5338.619999999999,0.3746286493513305
Mixtral-8x7B,4,Prefill,2,131072,14412.31,0.1387702595905861
Mixtral-8x7B,4,Prefill,2,262144,43941.90999999999,0.0455146351171353
Mixtral-8x7B,4,Prefill,2,524288,150329.9699999999,0.0133040670466441
Mixtral-8x7B,4,Prefill,4,128,1106.46,3.615132946514108
Mixtral-8x7B,4,Prefill,4,256,2402.05,1.6652442705189316
Mixtral-8x7B,4,Prefill,4,512,134.23,29.79959770543098
Mixtral-8x7B,4,Prefill,4,1024,1539.04,2.599022767439443
Mixtral-8x7B,4,Prefill,4,2048,1008.04,3.96809650410698
Mixtral-8x7B,4,Prefill,4,4096,1179.41,3.391526271610381
Mixtral-8x7B,4,Prefill,4,8192,1543.96,2.590740692764061
Mixtral-8x7B,4,Prefill,4,16384,3059.91,1.3072279903657298
Mixtral-8x7B,4,Prefill,4,32768,5117.49,0.7816331834551704
Mixtral-8x7B,4,Prefill,4,65536,11020.12,0.3629724540204643
Mixtral-8x7B,4,Prefill,4,131072,27421.62,0.1458703023380821
Mixtral-8x7B,4,Prefill,4,262144,88915.05,0.0449867598342462
Mixtral-8x7B,4,Prefill,8,128,2284.02,3.502596299507009
Mixtral-8x7B,4,Prefill,8,256,134.48,59.488399762046406
Mixtral-8x7B,4,Prefill,8,512,923.64,8.661383222900698
Mixtral-8x7B,4,Prefill,8,1024,1172.14,6.825123278789222
Mixtral-8x7B,4,Prefill,8,2048,1170.37,6.835445201090254
Mixtral-8x7B,4,Prefill,8,4096,2214.22,3.613010450632729
Mixtral-8x7B,4,Prefill,8,8192,3436.9700000000003,2.3276316057457587
Mixtral-8x7B,4,Prefill,8,16384,5590.210000000001,1.4310732512732078
Mixtral-8x7B,4,Prefill,8,32768,8392.55,0.9532263733906858
Mixtral-8x7B,4,Prefill,8,65536,21028.02,0.3804447589454451
Mixtral-8x7B,4,Prefill,8,131072,56305.71000000004,0.1420815046999672
Mixtral-8x7B,4,Prefill,16,128,134.28,119.15400655347035
Mixtral-8x7B,4,Prefill,16,256,1051.8,15.21201749382012
Mixtral-8x7B,4,Prefill,16,512,1004.62,15.926419939877764
Mixtral-8x7B,4,Prefill,16,1024,1845.99,8.667435901602934
Mixtral-8x7B,4,Prefill,16,2048,2867.71,5.579364719584616
Mixtral-8x7B,4,Prefill,16,4096,3230.96,4.952088543343155
Mixtral-8x7B,4,Prefill,16,8192,4413.45,3.625281809015623
Mixtral-8x7B,4,Prefill,16,16384,8627.739999999998,1.8544833293539216
Mixtral-8x7B,4,Prefill,16,32768,17118.039999999994,0.9346864477475229
Mixtral-8x7B,4,Prefill,16,65536,41171.96000000003,0.3886139984591452
Mixtral-8x7B,4,Prefill,32,128,1623.57,19.709652186231576
Mixtral-8x7B,4,Prefill,32,256,1703.5,18.784854710889345
Mixtral-8x7B,4,Prefill,32,512,2060.46,15.530512603981636
Mixtral-8x7B,4,Prefill,32,1024,2526.19,12.667297392516002
Mixtral-8x7B,4,Prefill,32,2048,2405.5,13.302847640823114
Mixtral-8x7B,4,Prefill,32,4096,6325.66,5.058760666871125
Mixtral-8x7B,4,Prefill,32,8192,7738.980000000002,4.134911835926697
Mixtral-8x7B,4,Prefill,32,16384,13334.710000000005,2.399752225582708
Mixtral-8x7B,4,Prefill,32,32768,33827.98000000001,0.945962484310325
Mixtral-8x7B,4,Prefill,64,128,3263.9,19.60844388614847
Mixtral-8x7B,4,Prefill,64,256,2419.02,26.45699498143876
Mixtral-8x7B,4,Prefill,64,512,1728.5500000000002,37.02525237916172
Mixtral-8x7B,4,Prefill,64,1024,3532.2,18.11901930807995
Mixtral-8x7B,4,Prefill,64,2048,6446.9,9.927251857481892
Mixtral-8x7B,4,Prefill,64,4096,7582.99,8.43994255564098
Mixtral-8x7B,4,Prefill,64,8192,13959.04,4.584842510659758
Mixtral-8x7B,4,Prefill,64,16384,30094.07000000002,2.126664821341877
Mixtral-8x7B,4,Prefill,128,128,1615.52,79.23145488759037
Mixtral-8x7B,4,Prefill,128,256,3103.66,41.24163084873988
Mixtral-8x7B,4,Prefill,128,512,3508.1199999999994,36.48677924358346
Mixtral-8x7B,4,Prefill,128,1024,5046.349999999999,25.364867676637573
Mixtral-8x7B,4,Prefill,128,2048,7819.290000000001,16.36977270314824
Mixtral-8x7B,4,Prefill,128,4096,13618.889999999992,9.398710173883488
Mixtral-8x7B,4,Prefill,128,8192,31435.900000000005,4.07177780817473
Mixtral-8x7B,4,Prefill,256,128,2602.2,98.37829528860196
Mixtral-8x7B,4,Prefill,256,256,4216.3,60.71674216730308
Mixtral-8x7B,4,Prefill,256,512,5998.639999999999,42.67633997039329
Mixtral-8x7B,4,Prefill,256,1024,10027.089999999997,25.530836962668143
Mixtral-8x7B,4,Prefill,256,2048,15295.339999999997,16.737123856024127
Mixtral-8x7B,4,Prefill,256,4096,30341.55000000002,8.437274957937213
Mixtral-8x7B,4,Prefill,512,128,3719.4,137.65661128138947
Mixtral-8x7B,4,Prefill,512,256,5852.39,87.48562553076606
Mixtral-8x7B,4,Prefill,512,512,8234.75,62.175536597953794
Mixtral-8x7B,4,Prefill,512,1024,16902.619999999995,30.29116196187337
Mixtral-8x7B,4,Prefill,512,2048,34316.17999999999,14.920075602820596
Mixtral-8x7B,4,Prefill,1024,128,6771.23,151.22806343899117
Mixtral-8x7B,4,Prefill,1024,256,14304.940000000006,71.58366270672926
Mixtral-8x7B,4,Prefill,1024,512,25354.59000000001,40.38716461200909
Mixtral-8x7B,4,Prefill,1024,1024,69120.61000000002,14.814684071798553
Mixtral-8x7B,4,Prefill,2048,128,16478.67,124.28187469012974
Mixtral-8x7B,4,Prefill,2048,256,34426.83,59.48848616035807
Mixtral-8x7B,8,Prefill,1,128,1777.84,0.5624803131890385
Mixtral-8x7B,8,Prefill,1,256,1903.23,0.5254225711028094
Mixtral-8x7B,8,Prefill,1,512,1095.31,0.9129835389067936
Mixtral-8x7B,8,Prefill,1,1024,2282.01,0.4382101743638283
Mixtral-8x7B,8,Prefill,1,2048,122.73,8.147967082212988
Mixtral-8x7B,8,Prefill,1,4096,155.46,6.432522835456065
Mixtral-8x7B,8,Prefill,1,8192,220.46,4.535970244035199
Mixtral-8x7B,8,Prefill,1,16384,392.21,2.5496545218122946
Mixtral-8x7B,8,Prefill,1,32768,709.1800000000001,1.410079246453651
Mixtral-8x7B,8,Prefill,1,65536,1633.0100000000002,0.6123661214566964
Mixtral-8x7B,8,Prefill,1,131072,4495.369999999999,0.2224510996870113
Mixtral-8x7B,8,Prefill,1,262144,14065.240000000009,0.0710972582053345
Mixtral-8x7B,8,Prefill,1,524288,48399.78000000002,0.0206612509395703
Mixtral-8x7B,8,Prefill,1,1048576,182388.68,0.0054827964103912
Mixtral-8x7B,8,Prefill,2,128,1910.86,1.0466491527375108
Mixtral-8x7B,8,Prefill,2,256,1097.4,1.822489520685256
Mixtral-8x7B,8,Prefill,2,512,2282.24,0.8763320246775099
Mixtral-8x7B,8,Prefill,2,1024,122.51,16.325197943025056
Mixtral-8x7B,8,Prefill,2,2048,184.4,10.845986984815616
Mixtral-8x7B,8,Prefill,2,4096,246.83,8.102742778430498
Mixtral-8x7B,8,Prefill,2,8192,1027.9,1.945714563673509
Mixtral-8x7B,8,Prefill,2,16384,1365.2699999999998,1.4649117024471352
Mixtral-8x7B,8,Prefill,2,32768,2088.88,0.957450882769714
Mixtral-8x7B,8,Prefill,2,65536,4698.250000000001,0.4256904166444952
Mixtral-8x7B,8,Prefill,2,131072,9914.329999999998,0.2017282055368341
Mixtral-8x7B,8,Prefill,2,262144,30197.05999999999,0.0662316132762593
Mixtral-8x7B,8,Prefill,2,524288,101512.75,0.0197019586209614
Mixtral-8x7B,8,Prefill,2,1048576,370214.29,0.0054022766112026
Mixtral-8x7B,8,Prefill,4,128,1101.23,3.632302062239496
Mixtral-8x7B,8,Prefill,4,256,2280.49,1.7540090068362502
Mixtral-8x7B,8,Prefill,4,512,123.2,32.467532467532465
Mixtral-8x7B,8,Prefill,4,1024,833.9399999999999,4.796508142072572
Mixtral-8x7B,8,Prefill,4,2048,940.35,4.253735311320253
Mixtral-8x7B,8,Prefill,4,4096,1078.99,3.707170594722842
Mixtral-8x7B,8,Prefill,4,8192,1494.58,2.676337164956041
Mixtral-8x7B,8,Prefill,4,16384,2673.58,1.4961213055154512
Mixtral-8x7B,8,Prefill,4,32768,4146.259999999999,0.96472483635855
Mixtral-8x7B,8,Prefill,4,65536,8388.319999999998,0.4768535296698267
Mixtral-8x7B,8,Prefill,4,131072,19449.469999999987,0.2056611311259382
Mixtral-8x7B,8,Prefill,4,262144,60465.310000000034,0.0661536342077796
Mixtral-8x7B,8,Prefill,4,524288,203564.34000000008,0.0196498070339824
Mixtral-8x7B,8,Prefill,8,128,2285.94,3.4996544091270985
Mixtral-8x7B,8,Prefill,8,256,123.4,64.82982171799027
Mixtral-8x7B,8,Prefill,8,512,877.54,9.116393554709758
Mixtral-8x7B,8,Prefill,8,1024,950.03,8.420786711998568
Mixtral-8x7B,8,Prefill,8,2048,1780.92,4.492060283449003
Mixtral-8x7B,8,Prefill,8,4096,1684.5500000000002,4.749042771066456
Mixtral-8x7B,8,Prefill,8,8192,2824.24,2.8326204571849423
Mixtral-8x7B,8,Prefill,8,16384,4187.58,1.910411263784812
Mixtral-8x7B,8,Prefill,8,32768,6422.630000000002,1.24559565162558
Mixtral-8x7B,8,Prefill,8,65536,15599.230000000003,0.5128458263645064
Mixtral-8x7B,8,Prefill,8,131072,39339.670000000006,0.2033570693399309
Mixtral-8x7B,8,Prefill,8,262144,122088.97000000002,0.0655259848616955
Mixtral-8x7B,8,Prefill,16,128,122.99,130.09187738840558
Mixtral-8x7B,8,Prefill,16,256,1032.49,15.496518126083547
Mixtral-8x7B,8,Prefill,16,512,1654.37,9.671355259101652
Mixtral-8x7B,8,Prefill,16,1024,1210.67,13.21582264366012
Mixtral-8x7B,8,Prefill,16,2048,2367.88,6.757099177323175
Mixtral-8x7B,8,Prefill,16,4096,2905.32,5.507138628447124
Mixtral-8x7B,8,Prefill,16,8192,3268.94,4.89455297435866
Mixtral-8x7B,8,Prefill,16,16384,6964.629999999999,2.297322327244951
Mixtral-8x7B,8,Prefill,16,32768,12752.98,1.254608726744651
Mixtral-8x7B,8,Prefill,16,65536,29539.72999999997,0.5416434070318183
Mixtral-8x7B,8,Prefill,16,131072,81004.31000000004,0.1975203541638709
Mixtral-8x7B,8,Prefill,32,128,1600.12,19.998500112491563
Mixtral-8x7B,8,Prefill,32,256,1097.07,29.168603644252418
Mixtral-8x7B,8,Prefill,32,512,1999.98,16.000160001600015
Mixtral-8x7B,8,Prefill,32,1024,2369.51,13.504901857346033
Mixtral-8x7B,8,Prefill,32,2048,2099.88,15.238966036154446
Mixtral-8x7B,8,Prefill,32,4096,4350.65,7.35522278280257
Mixtral-8x7B,8,Prefill,32,8192,6284.919999999999,5.091552477994948
Mixtral-8x7B,8,Prefill,32,16384,9828.350000000004,3.2558873056006337
Mixtral-8x7B,8,Prefill,32,32768,24799.579999999987,1.2903444332524991
Mixtral-8x7B,8,Prefill,32,65536,61201.56000000009,0.5228624891260933
Mixtral-8x7B,8,Prefill,32,131072,168366.67000000007,0.1900613702225029
Mixtral-8x7B,8,Prefill,64,128,1875.35,34.12696296691285
Mixtral-8x7B,8,Prefill,64,256,2140.85,29.89466800569868
Mixtral-8x7B,8,Prefill,64,512,1603.8,39.90522509041028
Mixtral-8x7B,8,Prefill,64,1024,3239.58,19.755647337000475
Mixtral-8x7B,8,Prefill,64,2048,3938.91,16.248149868872353
Mixtral-8x7B,8,Prefill,64,4096,6183.81,10.349606472385148
Mixtral-8x7B,8,Prefill,64,8192,10229.420000000002,6.256464198361197
Mixtral-8x7B,8,Prefill,64,16384,22251.720000000005,2.876182155806382
Mixtral-8x7B,8,Prefill,64,32768,52681.6000000001,1.214845410921458
Mixtral-8x7B,8,Prefill,64,65536,127034.02000000012,0.5038020523950981
Mixtral-8x7B,8,Prefill,128,128,1367.55,93.5980402910314
Mixtral-8x7B,8,Prefill,128,256,2774.96,46.126791016807445
Mixtral-8x7B,8,Prefill,128,512,2811.51,45.52713666321656
Mixtral-8x7B,8,Prefill,128,1024,4232.629999999999,30.2412448052393
Mixtral-8x7B,8,Prefill,128,2048,6310.010000000002,20.285229341950323
Mixtral-8x7B,8,Prefill,128,4096,10334.929999999998,12.3851830636492
Mixtral-8x7B,8,Prefill,128,8192,22449.09,5.701790139377587
Mixtral-8x7B,8,Prefill,128,16384,49186.45000000008,2.602342718370604
Mixtral-8x7B,8,Prefill,128,32768,110975.40000000015,1.153408773475922
Mixtral-8x7B,8,Prefill,256,128,2484.29,103.04755080928554
Mixtral-8x7B,8,Prefill,256,256,2239.01,114.3362468233728
Mixtral-8x7B,8,Prefill,256,512,3380.4900000000007,75.7286665542569
Mixtral-8x7B,8,Prefill,256,1024,6504.860000000003,39.355189811925214
Mixtral-8x7B,8,Prefill,256,2048,11933.460000000005,21.452286260648624
Mixtral-8x7B,8,Prefill,256,4096,23159.70000000002,11.053683769651585
Mixtral-8x7B,8,Prefill,256,8192,48960.50999999997,5.228703704271058
Mixtral-8x7B,8,Prefill,256,16384,105642.27999999994,2.423272197457308
Mixtral-8x7B,8,Prefill,512,128,3214.23,159.2916499441546
Mixtral-8x7B,8,Prefill,512,256,4949.26,103.44980865826405
Mixtral-8x7B,8,Prefill,512,512,6597.58,77.60421245365725
Mixtral-8x7B,8,Prefill,512,1024,14042.899999999998,36.4597056163613
Mixtral-8x7B,8,Prefill,512,2048,26358.03000000001,19.42482044371297
Mixtral-8x7B,8,Prefill,512,4096,58122.85999999999,8.808926470583176
Mixtral-8x7B,8,Prefill,512,8192,110677.59000000004,4.626049410725331
Mixtral-8x7B,8,Prefill,1024,128,6006.0,170.4961704961705
Mixtral-8x7B,8,Prefill,1024,256,10909.36,93.86435134600012
Mixtral-8x7B,8,Prefill,1024,512,19826.83999999998,51.64716112098554
Mixtral-8x7B,8,Prefill,1024,1024,41706.590000000055,24.55247480074489
Mixtral-8x7B,8,Prefill,1024,2048,83144.53,12.31590340338685
Mixtral-8x7B,8,Prefill,1024,4096,131411.9500000002,7.792289818391695
Mixtral-8x7B,8,Prefill,2048,128,15378.820000000003,133.17016520123127
Mixtral-8x7B,8,Prefill,2048,256,30859.99999999999,66.36422553467274
Mixtral-8x7B,8,Prefill,2048,512,64946.28000000003,31.53375374232364
Mixtral-8x7B,8,Prefill,2048,1024,146506.52999999994,13.978899097535113
Mixtral-8x7B,8,Prefill,2048,2048,197879.7000000004,10.34972258397398
Mixtral-8x7B,8,Prefill,4096,128,26440.86,154.91175400497562
Mixtral-8x7B,8,Prefill,4096,256,51804.28999999996,79.06681087608774
Mixtral-8x7B,8,Prefill,4096,512,113346.11000000004,36.1371025437044
Mixtral-8x7B,8,Prefill,4096,1024,81891.01,50.01770035563123
Mixtral-8x7B,8,Prefill,8192,128,1995.11,4106.039266005383
Mixtral-8x7B,8,Prefill,8192,256,4115.12,1990.7074398802465
Mixtral-8x7B,8,Prefill,8192,512,7658.36,1069.6807149311342
Mixtral-8x7B,8,Prefill,16384,128,16199.270000000002,1011.4036002856916
Mixtral-8x7B,8,Prefill,16384,256,38163.79999999999,429.3073540894776
Qwen2-VL-72B,4,Decoding,1,512,21.33710937499998,46.8667045017667
Qwen2-VL-72B,4,Decoding,1,1024,21.506484375000007,46.49760428359178
Qwen2-VL-72B,4,Decoding,1,2048,21.645624999999995,46.198712210897135
Qwen2-VL-72B,4,Decoding,1,4096,21.93689453125,45.58530372544115
Qwen2-VL-72B,4,Decoding,1,8192,22.587832031250034,44.27162370503332
Qwen2-VL-72B,4,Decoding,1,16384,22.86667532467533,43.73176186749387
Qwen2-VL-72B,4,Decoding,1,32768,23.628066406250007,42.32254907390492
Qwen2-VL-72B,4,Decoding,1,65536,24.89580078124997,40.167416536894045
Qwen2-VL-72B,4,Decoding,1,131072,27.125619512195204,36.86551746957954
Qwen2-VL-72B,4,Decoding,2,512,21.597421874999995,92.60364554507738
Qwen2-VL-72B,4,Decoding,2,1024,21.7334375,92.02409881087613
Qwen2-VL-72B,4,Decoding,2,2048,21.904765625,91.30433231923706
Qwen2-VL-72B,4,Decoding,2,4096,22.36132812500006,89.44012577517664
Qwen2-VL-72B,4,Decoding,2,8192,22.63810176125244,88.34662999100112
Qwen2-VL-72B,4,Decoding,2,16384,23.18748051948048,86.25344173636034
Qwen2-VL-72B,4,Decoding,2,32768,24.23189453124996,82.53584949458899
Qwen2-VL-72B,4,Decoding,2,65536,26.080644531249987,76.68522139487725
Qwen2-VL-72B,4,Decoding,4,512,22.175390625000013,180.38013704662745
Qwen2-VL-72B,4,Decoding,4,1024,22.354921874999985,178.93151326434696
Qwen2-VL-72B,4,Decoding,4,2048,22.6791796875,176.37322227331998
Qwen2-VL-72B,4,Decoding,4,4096,22.96078125,174.21010010275677
Qwen2-VL-72B,4,Decoding,4,8192,23.449960937499966,170.5759771055058
Qwen2-VL-72B,4,Decoding,4,16384,24.50511688311681,163.23121489601482
Qwen2-VL-72B,4,Decoding,4,32768,26.37317025440315,151.66928971431403
Qwen2-VL-72B,4,Decoding,8,512,22.618046874999987,353.69985941812246
Qwen2-VL-72B,4,Decoding,8,1024,22.72289062499999,352.0678830887082
Qwen2-VL-72B,4,Decoding,8,2048,23.13324218750001,345.8226881972809
Qwen2-VL-72B,4,Decoding,8,4096,23.600684931506898,338.9732129901029
Qwen2-VL-72B,4,Decoding,8,8192,24.520352250489207,326.25958706773434
Qwen2-VL-72B,4,Decoding,8,16384,26.5031428571428,301.8509934131808
Qwen2-VL-72B,4,Decoding,16,512,25.41804687500001,629.4740142184899
Qwen2-VL-72B,4,Decoding,16,1024,25.77562500000001,620.7414951140853
Qwen2-VL-72B,4,Decoding,16,2048,26.218470588235263,610.2568014466683
Qwen2-VL-72B,4,Decoding,16,4096,27.119295499021533,589.9858276398545
Qwen2-VL-72B,4,Decoding,16,8192,29.052246093750004,550.731945074707
Qwen2-VL-72B,4,Decoding,32,512,25.64046874999998,1248.0271055887006
Qwen2-VL-72B,4,Decoding,32,1024,26.14875,1223.7678665328174
Qwen2-VL-72B,4,Decoding,32,2048,27.06925781249999,1182.1528400096402
Qwen2-VL-72B,4,Decoding,32,4096,28.93523437500001,1105.9181199391958
Qwen2-VL-72B,4,Decoding,64,512,27.9764566929134,2287.6378056915114
Qwen2-VL-72B,4,Decoding,64,1024,28.971093750000005,2209.09850875064
Qwen2-VL-72B,4,Decoding,64,2048,30.821914062499967,2076.4446967901563
Qwen2-VL-72B,4,Decoding,128,512,32.87703125000002,3893.295566338579
Qwen2-VL-72B,4,Decoding,128,1024,34.82648437499999,3675.36380134551
Qwen2-VL-72B,4,Decoding,256,512,45.331875,5647.240490273125
Qwen2-VL-72B,8,Decoding,1,512,15.003359375000016,66.65173945418468
Qwen2-VL-72B,8,Decoding,1,1024,15.123359374999978,66.1228748986203
Qwen2-VL-72B,8,Decoding,1,2048,15.1865625,65.84768607115666
Qwen2-VL-72B,8,Decoding,1,4096,15.509941406249965,64.47477613274766
Qwen2-VL-72B,8,Decoding,1,8192,16.016249999999985,62.43658784047457
Qwen2-VL-72B,8,Decoding,1,16384,16.224935064935067,61.63352863957992
Qwen2-VL-72B,8,Decoding,1,32768,16.788398437500007,59.56494323879723
Qwen2-VL-72B,8,Decoding,1,65536,17.62960937500002,56.72275424423572
Qwen2-VL-72B,8,Decoding,1,131072,18.94555121951213,52.78284006696488
Qwen2-VL-72B,8,Decoding,2,512,15.610624999999978,128.11786843896402
Qwen2-VL-72B,8,Decoding,2,1024,15.751562500000016,126.97153060212268
Qwen2-VL-72B,8,Decoding,2,2048,15.915156250000004,125.66637540866114
Qwen2-VL-72B,8,Decoding,2,4096,16.194433593750002,123.49922511472522
Qwen2-VL-72B,8,Decoding,2,8192,16.910624999999996,118.26883985659909
Qwen2-VL-72B,8,Decoding,2,16384,17.149532467532485,116.62125505674295
Qwen2-VL-72B,8,Decoding,2,32768,17.87373046875003,111.8960590513966
Qwen2-VL-72B,8,Decoding,2,65536,19.13052734375,104.5449487127393
Qwen2-VL-72B,8,Decoding,2,131072,21.25619512195116,94.09021645339575
Qwen2-VL-72B,8,Decoding,4,512,16.027734374999998,249.56740025834128
Qwen2-VL-72B,8,Decoding,4,1024,16.109687499999986,248.2978021764856
Qwen2-VL-72B,8,Decoding,4,2048,16.343476562500015,244.7459685032969
Qwen2-VL-72B,8,Decoding,4,4096,16.772675781249987,238.4831169557073
Qwen2-VL-72B,8,Decoding,4,8192,17.026230468749983,234.93162549054043
Qwen2-VL-72B,8,Decoding,4,16384,17.672909090909094,226.33512000905336
Qwen2-VL-72B,8,Decoding,4,32768,18.755078124999944,213.27557119946744
Qwen2-VL-72B,8,Decoding,4,65536,20.732167968749952,192.936889476744
Qwen2-VL-72B,8,Decoding,4,131072,24.64676757812499,162.2930872099497
Qwen2-VL-72B,8,Decoding,8,512,16.774218750000014,476.922360393088
Qwen2-VL-72B,8,Decoding,8,1024,16.948125000000015,472.0286167348891
Qwen2-VL-72B,8,Decoding,8,2048,17.29785156250001,462.48518037599473
Qwen2-VL-72B,8,Decoding,8,4096,17.55671875000005,455.6660110534593
Qwen2-VL-72B,8,Decoding,8,8192,18.081425781250022,442.4429852371375
Qwen2-VL-72B,8,Decoding,8,16384,19.183999999999987,417.0141784820687
Qwen2-VL-72B,8,Decoding,8,32768,21.190546875,377.526830581148
Qwen2-VL-72B,8,Decoding,8,65536,24.961621093749983,320.49200530501923
Qwen2-VL-72B,8,Decoding,16,512,18.61515624999998,859.5146763809742
Qwen2-VL-72B,8,Decoding,16,1024,18.72039062500001,854.6830202695083
Qwen2-VL-72B,8,Decoding,16,2048,19.075156250000024,838.7873624888383
Qwen2-VL-72B,8,Decoding,16,4096,19.59306640625005,816.6154122203205
Qwen2-VL-72B,8,Decoding,16,8192,20.559492187499966,778.2293382580672
Qwen2-VL-72B,8,Decoding,16,16384,22.67683116883117,705.5659532356382
Qwen2-VL-72B,8,Decoding,16,32768,26.595527343750028,601.6049162401742
Qwen2-VL-72B,8,Decoding,32,512,20.119921874999985,1590.463432154854
Qwen2-VL-72B,8,Decoding,32,1024,20.478437500000013,1562.6192183851908
Qwen2-VL-72B,8,Decoding,32,2048,20.959101562499985,1526.7830018656136
Qwen2-VL-72B,8,Decoding,32,4096,21.97382812499997,1456.2778874015626
Qwen2-VL-72B,8,Decoding,32,8192,24.021467710371816,1332.1417486152718
Qwen2-VL-72B,8,Decoding,32,16384,28.03459740259742,1141.4467466914714
Qwen2-VL-72B,8,Decoding,64,512,21.9640625,2913.850750515758
Qwen2-VL-72B,8,Decoding,64,1024,22.547890625000008,2838.402982540633
Qwen2-VL-72B,8,Decoding,64,2048,23.53054901960785,2719.8685396872474
Qwen2-VL-72B,8,Decoding,64,4096,25.50690802348337,2509.1241925943086
Qwen2-VL-72B,8,Decoding,64,8192,29.478710937500026,2171.058298162735
Qwen2-VL-72B,8,Decoding,128,512,26.80244094488188,4775.684433489723
Qwen2-VL-72B,8,Decoding,128,1024,27.89140625,4589.2271925156165
Qwen2-VL-72B,8,Decoding,128,2048,29.86343750000001,4286.177704760209
Qwen2-VL-72B,8,Decoding,128,4096,33.77634765624999,3789.6341340007134
Qwen2-VL-72B,8,Decoding,256,512,36.48874015748031,7015.862945531683
Qwen2-VL-72B,8,Decoding,256,1024,38.682890625000034,6617.912877342003
Qwen2-VL-72B,8,Decoding,256,2048,42.59578124999997,6009.984850318954
Qwen2-VL-72B,8,Decoding,512,512,64.6744094488189,7916.577891680312
Qwen2-VL-72B,8,Decoding,512,1024,69.13079365079363,7406.25086103177
Qwen2-VL-72B,4,Prefill,1,512,380.74,2.626464253821505
Qwen2-VL-72B,4,Prefill,1,1024,378.2,2.644103648863036
Qwen2-VL-72B,4,Prefill,1,2048,544.82,1.835468595132337
Qwen2-VL-72B,4,Prefill,1,4096,966.83,1.0343079962351187
Qwen2-VL-72B,4,Prefill,1,8192,1285.77,0.7777440755345045
Qwen2-VL-72B,4,Prefill,1,16384,3934.79,0.2541431690128317
Qwen2-VL-72B,4,Prefill,1,32768,5880.65,0.1700492292518684
Qwen2-VL-72B,4,Prefill,1,65536,11311.95,0.0884020880573199
Qwen2-VL-72B,4,Prefill,1,131072,29320.37,0.0341059816093725
Qwen2-VL-72B,4,Prefill,2,512,289.65,6.904885206283447
Qwen2-VL-72B,4,Prefill,2,1024,290.2,6.891798759476223
Qwen2-VL-72B,4,Prefill,2,2048,719.29,2.780519679128029
Qwen2-VL-72B,4,Prefill,2,4096,1466.34,1.3639401503062043
Qwen2-VL-72B,4,Prefill,2,8192,2160.82,0.925574550402162
Qwen2-VL-72B,4,Prefill,2,16384,7416.0,0.2696871628910464
Qwen2-VL-72B,4,Prefill,2,32768,11698.61,0.1709604816298688
Qwen2-VL-72B,4,Prefill,2,65536,22659.09,0.088264797924365
Qwen2-VL-72B,4,Prefill,2,131072,58210.56,0.0343580271345955
Qwen2-VL-72B,4,Prefill,4,512,462.55,8.647713760674522
Qwen2-VL-72B,4,Prefill,4,1024,465.0,8.602150537634408
Qwen2-VL-72B,4,Prefill,4,2048,1295.23,3.08825459570887
Qwen2-VL-72B,4,Prefill,4,4096,2801.72,1.427694416287138
Qwen2-VL-72B,4,Prefill,4,8192,4162.31,0.9610048266467416
Qwen2-VL-72B,4,Prefill,4,16384,14757.48,0.2710489866833633
Qwen2-VL-72B,4,Prefill,4,32768,22471.03,0.1780069716430444
Qwen2-VL-72B,4,Prefill,4,65536,45105.84,0.0886803127931993
Qwen2-VL-72B,4,Prefill,4,131072,115881.05,0.0345181546076774
Qwen2-VL-72B,4,Prefill,8,512,753.56,10.616274749190511
Qwen2-VL-72B,4,Prefill,8,1024,755.15,10.593921737403164
Qwen2-VL-72B,4,Prefill,8,2048,2401.92,3.3306687982946976
Qwen2-VL-72B,4,Prefill,8,4096,5472.49,1.4618573994653257
Qwen2-VL-72B,4,Prefill,8,8192,8125.65,0.9845366216856496
Qwen2-VL-72B,4,Prefill,8,16384,29587.26,0.2703866461443202
Qwen2-VL-72B,4,Prefill,8,32768,45466.34,0.1759543433669831
Qwen2-VL-72B,4,Prefill,8,65536,90411.29,0.0884845244437945
Qwen2-VL-72B,4,Prefill,16,512,1309.69,12.216631416594767
Qwen2-VL-72B,4,Prefill,16,1024,1303.83,12.27153846743824
Qwen2-VL-72B,4,Prefill,16,2048,4622.26,3.461510170349569
Qwen2-VL-72B,4,Prefill,16,4096,10642.49,1.5034075672140637
Qwen2-VL-72B,4,Prefill,16,8192,16118.0,0.9926789924308228
Qwen2-VL-72B,4,Prefill,16,16384,59978.84,0.2667607442891526
Qwen2-VL-72B,4,Prefill,16,32768,91429.73,0.1749977824499755
Qwen2-VL-72B,4,Prefill,32,512,2414.93,13.250901682450422
Qwen2-VL-72B,4,Prefill,32,1024,2404.78,13.306830562463093
Qwen2-VL-72B,4,Prefill,32,2048,9007.25,3.5526936634377857
Qwen2-VL-72B,4,Prefill,32,4096,21208.42,1.5088346986715655
Qwen2-VL-72B,4,Prefill,32,8192,35500.28,0.9014013410598452
Qwen2-VL-72B,4,Prefill,32,16384,121187.33,0.2640540063057747
Qwen2-VL-72B,4,Prefill,64,512,4653.05,13.754419144432145
Qwen2-VL-72B,4,Prefill,64,1024,4653.67,13.75258666815653
Qwen2-VL-72B,4,Prefill,64,2048,17831.13,3.589228500941892
Qwen2-VL-72B,4,Prefill,64,4096,50277.31,1.272940020060739
Qwen2-VL-72B,4,Prefill,64,8192,70648.98999999999,0.9058869772943676
Qwen2-VL-72B,4,Prefill,128,512,8990.27,14.237614665632956
Qwen2-VL-72B,4,Prefill,128,1024,9021.28,14.188673891066454
Qwen2-VL-72B,4,Prefill,128,2048,50461.28,2.5365983581867124
Qwen2-VL-72B,4,Prefill,128,4096,96297.2,1.3292182950283082
Qwen2-VL-72B,4,Prefill,256,512,23283.75,10.994792505502764
Qwen2-VL-72B,4,Prefill,256,1024,32641.94,7.842671115748636
Qwen2-VL-72B,4,Prefill,256,2048,87917.55000000003,2.9118190850404715
Qwen2-VL-72B,4,Prefill,512,512,56593.06999999999,9.047044099215682
Qwen2-VL-72B,4,Prefill,512,1024,72113.77999999998,7.099891310648257
Qwen2-VL-72B,4,Prefill,1024,512,111430.03999999998,9.189622475231994
Qwen2-VL-72B,8,Prefill,1,512,307.63,3.250658258297305
Qwen2-VL-72B,8,Prefill,1,1024,297.08,3.366096674296485
Qwen2-VL-72B,8,Prefill,1,2048,457.75,2.184598580010923
Qwen2-VL-72B,8,Prefill,1,4096,813.92,1.2286219775899352
Qwen2-VL-72B,8,Prefill,1,8192,1032.74,0.9682979259058428
Qwen2-VL-72B,8,Prefill,1,16384,3237.83,0.3088488277642742
Qwen2-VL-72B,8,Prefill,1,32768,4265.8,0.2344226170940972
Qwen2-VL-72B,8,Prefill,1,65536,7347.75,0.1360960838351876
Qwen2-VL-72B,8,Prefill,1,131072,16742.51,0.0597282008492155
Qwen2-VL-72B,8,Prefill,2,512,364.68,5.484260173302621
Qwen2-VL-72B,8,Prefill,2,1024,367.15,5.447364837259976
Qwen2-VL-72B,8,Prefill,2,2048,761.98,2.624740806845324
Qwen2-VL-72B,8,Prefill,2,4096,1417.63,1.4108053582387503
Qwen2-VL-72B,8,Prefill,2,8192,1819.56,1.0991668315416916
Qwen2-VL-72B,8,Prefill,2,16384,6314.65,0.3167238089205261
Qwen2-VL-72B,8,Prefill,2,32768,8310.71,0.2406533256484705
Qwen2-VL-72B,8,Prefill,2,65536,14483.14,0.1380916016830604
Qwen2-VL-72B,8,Prefill,2,131072,33305.8,0.0600496009704015
Qwen2-VL-72B,8,Prefill,4,512,538.68,7.425558773297691
Qwen2-VL-72B,8,Prefill,4,1024,550.53,7.265725755181371
Qwen2-VL-72B,8,Prefill,4,2048,1285.99,3.110444093655472
Qwen2-VL-72B,8,Prefill,4,4096,2604.07,1.5360570184365243
Qwen2-VL-72B,8,Prefill,4,8192,3417.08,1.1705900944666208
Qwen2-VL-72B,8,Prefill,4,16384,12274.97,0.3258663768628355
Qwen2-VL-72B,8,Prefill,4,32768,16960.18,0.2358465535153518
Qwen2-VL-72B,8,Prefill,4,65536,28995.93,0.1379503951071753
Qwen2-VL-72B,8,Prefill,4,131072,66804.27,0.0598764120916222
Qwen2-VL-72B,8,Prefill,8,512,833.36,9.599692809830085
Qwen2-VL-72B,8,Prefill,8,1024,802.26,9.971829581432454
Qwen2-VL-72B,8,Prefill,8,2048,2258.91,3.541531092429535
Qwen2-VL-72B,8,Prefill,8,4096,4910.75,1.629079061243191
Qwen2-VL-72B,8,Prefill,8,8192,6511.69,1.228559713377019
Qwen2-VL-72B,8,Prefill,8,16384,24369.7,0.3282765073021005
Qwen2-VL-72B,8,Prefill,8,32768,33521.7,0.2386513810457107
Qwen2-VL-72B,8,Prefill,8,65536,59033.43,0.1355164353485813
Qwen2-VL-72B,8,Prefill,8,131072,133952.43,0.0597226940937167
Qwen2-VL-72B,8,Prefill,16,512,1305.91,12.251992863214156
Qwen2-VL-72B,8,Prefill,16,1024,1307.44,12.237655265251176
Qwen2-VL-72B,8,Prefill,16,2048,4237.63,3.775695376896992
Qwen2-VL-72B,8,Prefill,16,4096,9476.65,1.6883603383052028
Qwen2-VL-72B,8,Prefill,16,8192,12940.93,1.2363871839195484
Qwen2-VL-72B,8,Prefill,16,16384,49858.14,0.3209104872343813
Qwen2-VL-72B,8,Prefill,16,32768,68392.12,0.2339450802226923
Qwen2-VL-72B,8,Prefill,16,65536,117213.46,0.1365030944398365
Qwen2-VL-72B,8,Prefill,16,131072,267551.56999999995,0.059801555266523
Qwen2-VL-72B,8,Prefill,32,512,2260.75,14.154594714143538
Qwen2-VL-72B,8,Prefill,32,1024,2378.98,13.451142926800562
Qwen2-VL-72B,8,Prefill,32,2048,8517.9,3.756794515080008
Qwen2-VL-72B,8,Prefill,32,4096,19151.99,1.6708446485195532
Qwen2-VL-72B,8,Prefill,32,8192,26064.65,1.2277164665552769
Qwen2-VL-72B,8,Prefill,32,16384,100520.19,0.3183440063135575
Qwen2-VL-72B,8,Prefill,32,32768,133323.09,0.2400184394166081
Qwen2-VL-72B,8,Prefill,32,65536,233429.65,0.1370862698890222
Qwen2-VL-72B,8,Prefill,64,512,4336.88,14.757152607404402
Qwen2-VL-72B,8,Prefill,64,1024,4217.07,15.17641395566116
Qwen2-VL-72B,8,Prefill,64,2048,16276.48,3.932054105064486
Qwen2-VL-72B,8,Prefill,64,4096,38636.88,1.6564484502889467
Qwen2-VL-72B,8,Prefill,64,8192,53569.16,1.1947172589601929
Qwen2-VL-72B,8,Prefill,64,16384,210931.9,0.303415462526057
Qwen2-VL-72B,8,Prefill,64,32768,268768.79,0.2381228862175552
Qwen2-VL-72B,8,Prefill,128,512,8882.78,14.409903205978308
Qwen2-VL-72B,8,Prefill,128,1024,8133.85,15.736705250281233
Qwen2-VL-72B,8,Prefill,128,2048,33564.61,3.813540511866517
Qwen2-VL-72B,8,Prefill,128,4096,77668.65000000001,1.648026584728845
Qwen2-VL-72B,8,Prefill,128,8192,113670.83,1.1260584619642524
Qwen2-VL-72B,8,Prefill,128,16384,412853.85,0.310037074863175
Qwen2-VL-72B,8,Prefill,256,512,17391.14,14.720139105314546
Qwen2-VL-72B,8,Prefill,256,1024,16360.7,15.64725225693277
Qwen2-VL-72B,8,Prefill,256,2048,67035.84999999999,3.818852151498042
Qwen2-VL-72B,8,Prefill,256,4096,190626.12,1.342942929332035
Qwen2-VL-72B,8,Prefill,512,512,34225.94,14.959413824718911
Qwen2-VL-72B,8,Prefill,512,1024,34085.89,15.020878140485696
Qwen2-VL-72B,8,Prefill,512,2048,193561.4,2.645155490712508
Qwen2-VL-7B,1,Decoding,1,512,12.42476562499998,80.48441557624969
Qwen2-VL-7B,1,Decoding,1,1024,8.420156249999991,118.76264172651204
Qwen2-VL-7B,1,Decoding,1,2048,8.490039062500005,117.7850882237916
Qwen2-VL-7B,1,Decoding,1,4096,8.639882812500009,115.74231059629884
Qwen2-VL-7B,1,Decoding,1,8192,8.743398437499966,114.3720038779262
Qwen2-VL-7B,1,Decoding,1,16384,8.658753246753266,115.4900678541643
Qwen2-VL-7B,1,Decoding,1,32768,9.48345703125,105.44677923934152
Qwen2-VL-7B,1,Decoding,1,65536,9.987597656249957,100.12417744663836
Qwen2-VL-7B,1,Decoding,1,131072,11.325941463414608,88.29288083734404
Qwen2-VL-7B,1,Decoding,2,512,13.010546874999994,153.72143993755074
Qwen2-VL-7B,1,Decoding,2,1024,8.762890624999999,228.2351892301521
Qwen2-VL-7B,1,Decoding,2,2048,8.854374999999973,225.87703818733743
Qwen2-VL-7B,1,Decoding,2,4096,8.943476562499992,223.62668320572365
Qwen2-VL-7B,1,Decoding,2,8192,8.941972656250021,223.6642938739131
Qwen2-VL-7B,1,Decoding,2,16384,9.5473246753247,209.4827680019148
Qwen2-VL-7B,1,Decoding,2,32768,10.170859374999996,196.6402175332407
Qwen2-VL-7B,1,Decoding,2,65536,11.423652343749993,175.07535592101786
Qwen2-VL-7B,1,Decoding,2,131072,13.717294921874911,145.80134140081864
Qwen2-VL-7B,1,Decoding,4,512,12.841093749999986,311.4999452441506
Qwen2-VL-7B,1,Decoding,4,1024,8.896875000000007,449.5960660344218
Qwen2-VL-7B,1,Decoding,4,2048,8.863398437499995,451.29416534818864
Qwen2-VL-7B,1,Decoding,4,4096,9.180839843749991,435.689987852589
Qwen2-VL-7B,1,Decoding,4,8192,9.531894531250035,419.643753598628
Qwen2-VL-7B,1,Decoding,4,16384,9.918519480519487,403.28599523913
Qwen2-VL-7B,1,Decoding,4,32768,11.182910156249976,357.68864670386847
Qwen2-VL-7B,1,Decoding,4,65536,13.766054687500043,290.5698176277122
Qwen2-VL-7B,1,Decoding,4,131072,18.93433593749993,211.256418667311
Qwen2-VL-7B,1,Decoding,8,512,14.703125,544.1020191285867
Qwen2-VL-7B,1,Decoding,8,1024,9.216406250000016,868.0172925319982
Qwen2-VL-7B,1,Decoding,8,2048,9.389687500000024,851.9985356275147
Qwen2-VL-7B,1,Decoding,8,8192,10.367421874999978,771.6479657581231
Qwen2-VL-7B,1,Decoding,8,32768,13.964531249999954,572.8799525583809
Qwen2-VL-7B,1,Decoding,8,65536,19.06126953125004,419.6992223883297
Qwen2-VL-7B,1,Decoding,16,512,13.670234375000003,1170.426165425565
Qwen2-VL-7B,1,Decoding,16,1024,9.800781249999982,1632.5229174970136
Qwen2-VL-7B,1,Decoding,16,2048,10.1657421875,1573.9136115092433
Qwen2-VL-7B,1,Decoding,16,4096,10.814453125000016,1479.5015351273232
Qwen2-VL-7B,1,Decoding,16,8192,12.127558593749985,1319.3092308163084
Qwen2-VL-7B,1,Decoding,16,32768,19.613125,815.7802491953732
Qwen2-VL-7B,1,Decoding,32,512,14.30546875,2236.9067773469496
Qwen2-VL-7B,1,Decoding,32,1024,10.780546874999986,2968.309527432953
Qwen2-VL-7B,1,Decoding,32,2048,11.449492187500011,2794.8837796436087
Qwen2-VL-7B,1,Decoding,32,4096,12.722832031250016,2515.163284510957
Qwen2-VL-7B,1,Decoding,32,8192,15.357089843750003,2083.728123334728
Qwen2-VL-7B,1,Decoding,64,512,16.05734375,3985.7152587893
Qwen2-VL-7B,1,Decoding,64,1024,12.872343750000018,4971.899542381309
Qwen2-VL-7B,1,Decoding,64,2048,13.910156249999991,4600.954787980907
Qwen2-VL-7B,1,Decoding,64,8192,21.897397260273983,2922.721784661965
Qwen2-VL-7B,1,Decoding,128,512,21.083750000000013,6071.026264303074
Qwen2-VL-7B,1,Decoding,128,1024,17.579218750000006,7281.324717573126
Qwen2-VL-7B,1,Decoding,256,512,26.03322834645669,9833.58639171017
Qwen2-VL-7B,1,Decoding,256,1024,26.05335937499999,9825.988131329035
Qwen2-VL-7B,2,Decoding,1,512,6.513515624999998,153.52692118551573
Qwen2-VL-7B,2,Decoding,1,1024,6.590624999999994,151.73067804646766
Qwen2-VL-7B,2,Decoding,1,2048,6.619843749999985,151.06096726225633
Qwen2-VL-7B,2,Decoding,1,4096,6.721425781249986,148.77795761571733
Qwen2-VL-7B,2,Decoding,1,8192,6.969238281249981,143.48770405661077
Qwen2-VL-7B,2,Decoding,1,16384,7.097766233766224,140.8893963346802
Qwen2-VL-7B,2,Decoding,1,32768,7.366855468749991,135.74312734137027
Qwen2-VL-7B,2,Decoding,1,65536,7.862890624999997,127.17969099309458
Qwen2-VL-7B,2,Decoding,1,131072,8.71595121951216,114.73217034089492
Qwen2-VL-7B,2,Decoding,2,512,6.899843749999998,289.8616363595191
Qwen2-VL-7B,2,Decoding,2,1024,6.968593750000008,287.0019507163835
Qwen2-VL-7B,2,Decoding,2,2048,7.048046874999989,283.7665576677941
Qwen2-VL-7B,2,Decoding,2,4096,7.202089843749998,277.69717448548744
Qwen2-VL-7B,2,Decoding,2,8192,7.303828125000024,273.8290066210989
Qwen2-VL-7B,2,Decoding,2,16384,7.526831168831164,265.7160703008805
Qwen2-VL-7B,2,Decoding,2,32768,7.920624999999999,252.5053262842264
Qwen2-VL-7B,2,Decoding,2,65536,8.649433593749997,231.2290138218047
Qwen2-VL-7B,2,Decoding,2,131072,10.061718750000065,198.7731966767593
Qwen2-VL-7B,2,Decoding,4,512,7.106015625000008,562.9033499345838
Qwen2-VL-7B,2,Decoding,4,1024,7.170468749999992,557.843585888301
Qwen2-VL-7B,2,Decoding,4,2048,7.297031249999981,548.1681334446814
Qwen2-VL-7B,2,Decoding,4,4096,7.395957031249994,540.8360247495865
Qwen2-VL-7B,2,Decoding,4,8192,7.596699218750003,526.5444747538891
Qwen2-VL-7B,2,Decoding,4,16384,8.009584415584404,499.4016908314397
Qwen2-VL-7B,2,Decoding,4,32768,8.715195312499983,458.968486255598
Qwen2-VL-7B,2,Decoding,4,65536,10.10419921875,395.8750132892613
Qwen2-VL-7B,2,Decoding,4,131072,12.872414467253204,310.74201426436395
Qwen2-VL-7B,2,Decoding,8,512,7.407734374999992,1079.9523302291743
Qwen2-VL-7B,2,Decoding,8,1024,7.445546874999994,1074.4677502282202
Qwen2-VL-7B,2,Decoding,8,2048,7.606015624999973,1051.7990488614107
Qwen2-VL-7B,2,Decoding,8,4096,7.762246093750011,1030.6295244158032
Qwen2-VL-7B,2,Decoding,8,8192,8.138945312499981,982.9283393406532
Qwen2-VL-7B,2,Decoding,8,16384,8.90283116883115,898.5905548796695
Qwen2-VL-7B,2,Decoding,8,32768,10.276054687500045,778.5088969730112
Qwen2-VL-7B,2,Decoding,8,65536,13.026171875000047,614.14819923831
Qwen2-VL-7B,2,Decoding,8,131072,18.606031280547445,429.9681043944056
Qwen2-VL-7B,2,Decoding,16,512,7.848671874999992,2038.5614604381733
Qwen2-VL-7B,2,Decoding,16,1024,7.951015625000002,2012.321539111552
Qwen2-VL-7B,2,Decoding,16,2048,8.146289062499992,1964.0844901580008
Qwen2-VL-7B,2,Decoding,16,4096,8.495117187500002,1883.4348775721344
Qwen2-VL-7B,2,Decoding,16,8192,9.237500000000008,1732.0703653585913
Qwen2-VL-7B,2,Decoding,16,16384,10.690571428571417,1496.645909613279
Qwen2-VL-7B,2,Decoding,16,32768,13.451328124999955,1189.4736230739336
Qwen2-VL-7B,2,Decoding,16,65536,19.031074218750053,840.7302612606211
Qwen2-VL-7B,2,Decoding,32,512,8.563828124999983,3736.646688013728
Qwen2-VL-7B,2,Decoding,32,1024,8.737890625,3662.211095712817
Qwen2-VL-7B,2,Decoding,32,2048,9.10566406249998,3514.296132644096
Qwen2-VL-7B,2,Decoding,32,4096,9.797421875000008,3266.1653655697023
Qwen2-VL-7B,2,Decoding,32,8192,11.23248046875002,2848.880983058681
Qwen2-VL-7B,2,Decoding,32,16384,14.084493506493525,2272.0021834826152
Qwen2-VL-7B,2,Decoding,32,32768,19.62966796875,1630.1854952892377
Qwen2-VL-7B,2,Decoding,64,512,10.272890625,6229.989429095085
Qwen2-VL-7B,2,Decoding,64,1024,10.655312500000012,6006.393524356975
Qwen2-VL-7B,2,Decoding,64,2048,11.351796874999987,5637.87395993201
Qwen2-VL-7B,2,Decoding,64,4096,12.767714843750015,5012.643279022553
Qwen2-VL-7B,2,Decoding,64,8192,15.589980468749992,4105.200781250981
Qwen2-VL-7B,2,Decoding,64,16384,21.217662337662333,3016.3549113700915
Qwen2-VL-7B,2,Decoding,128,512,13.818359374999991,9263.038869257956
Qwen2-VL-7B,2,Decoding,128,1024,14.64637795275592,8739.362073878137
Qwen2-VL-7B,2,Decoding,128,2048,16.03392156862747,7983.075098137517
Qwen2-VL-7B,2,Decoding,128,4096,18.87884540117416,6780.075649755525
Qwen2-VL-7B,2,Decoding,128,8192,24.35937377690801,5254.650680771619
Qwen2-VL-7B,2,Decoding,256,512,20.523984375,12473.21160075674
Qwen2-VL-7B,2,Decoding,256,1024,22.1309375,11567.517191714089
Qwen2-VL-7B,2,Decoding,256,2048,24.878431372549016,10290.03783102144
Qwen2-VL-7B,2,Decoding,256,4096,30.44547945205484,8408.473264582535
Qwen2-VL-7B,2,Decoding,512,512,35.42277777777779,14453.976568748918
Qwen2-VL-7B,2,Decoding,512,1024,38.709140625,13226.85008587684
Qwen2-VL-7B,2,Decoding,512,2048,44.21094488188975,11580.842738553005
Qwen2-VL-7B,2,Decoding,1024,512,66.62936000000002,15368.600268710365
Qwen2-VL-7B,2,Decoding,1024,1024,73.96905511811022,13843.626883768167
Qwen2-VL-7B,4,Decoding,1,512,5.279218749999997,189.4219670287389
Qwen2-VL-7B,4,Decoding,1,1024,5.329218750000001,187.6447650042513
Qwen2-VL-7B,4,Decoding,1,2048,5.409453124999992,184.8615704568105
Qwen2-VL-7B,4,Decoding,1,4096,5.479999999999999,182.4817518248176
Qwen2-VL-7B,4,Decoding,1,8192,5.6901367187500185,175.7427017007906
Qwen2-VL-7B,4,Decoding,1,16384,5.754000000000009,173.79214459506403
Qwen2-VL-7B,4,Decoding,1,32768,5.96896484375,167.5332366963231
Qwen2-VL-7B,4,Decoding,1,65536,6.250214843749988,159.9945001890563
Qwen2-VL-7B,4,Decoding,1,131072,6.793560975609778,147.19820777206488
Qwen2-VL-7B,4,Decoding,2,512,5.586874999999995,357.9818771674687
Qwen2-VL-7B,4,Decoding,2,1024,5.629218750000008,355.2890887390008
Qwen2-VL-7B,4,Decoding,2,2048,5.6594140624999945,353.3934746447088
Qwen2-VL-7B,4,Decoding,2,4096,5.752890624999998,347.6513165935604
Qwen2-VL-7B,4,Decoding,2,8192,5.975175781250001,334.71818624582824
Qwen2-VL-7B,4,Decoding,2,16384,6.119792207792192,326.8084817411685
Qwen2-VL-7B,4,Decoding,2,32768,6.391660156249992,312.90775027272514
Qwen2-VL-7B,4,Decoding,2,65536,6.937539062499996,288.28666505256183
Qwen2-VL-7B,4,Decoding,2,131072,7.968984374999964,250.97301059772863
Qwen2-VL-7B,4,Decoding,4,512,5.672109374999995,705.2050190763473
Qwen2-VL-7B,4,Decoding,4,1024,5.748671875000005,695.8128915646271
Qwen2-VL-7B,4,Decoding,4,2048,5.818945312499982,687.409794246973
Qwen2-VL-7B,4,Decoding,4,4096,5.952167968750006,672.0240458603903
Qwen2-VL-7B,4,Decoding,4,8192,6.065097656250014,659.5112274701869
Qwen2-VL-7B,4,Decoding,4,16384,6.311376623376625,633.7761535549079
Qwen2-VL-7B,4,Decoding,4,32768,6.824609375000012,586.1141319901541
Qwen2-VL-7B,4,Decoding,4,65536,7.646718749999994,523.1001859457696
Qwen2-VL-7B,4,Decoding,4,131072,9.287358121330769,430.6929858570855
Qwen2-VL-7B,4,Decoding,8,512,5.951640625000007,1344.1671807931095
Qwen2-VL-7B,4,Decoding,8,1024,6.022109374999999,1328.438177029955
Qwen2-VL-7B,4,Decoding,8,2048,6.141093749999994,1302.6995394753592
Qwen2-VL-7B,4,Decoding,8,4096,6.242812499999995,1281.4736947489623
Qwen2-VL-7B,4,Decoding,8,8192,6.43984375000001,1242.266165231103
Qwen2-VL-7B,4,Decoding,8,16384,6.990025974025979,1144.4878788329188
Qwen2-VL-7B,4,Decoding,8,32768,7.796054687500023,1026.1600669409077
Qwen2-VL-7B,4,Decoding,8,65536,9.390976562499988,851.8815851320053
Qwen2-VL-7B,4,Decoding,8,131072,12.589276637341175,635.4614510790177
Qwen2-VL-7B,4,Decoding,16,512,6.379921875000009,2507.867700182454
Qwen2-VL-7B,4,Decoding,16,1024,6.430781249999993,2488.033627329497
Qwen2-VL-7B,4,Decoding,16,2048,6.593945312499979,2426.468410295912
Qwen2-VL-7B,4,Decoding,16,4096,6.817148437500016,2347.022387247228
Qwen2-VL-7B,4,Decoding,16,8192,7.275000000000015,2199.312714776628
Qwen2-VL-7B,4,Decoding,16,16384,8.149064935064924,1963.4154504221688
Qwen2-VL-7B,4,Decoding,16,32768,9.773542074364016,1637.0728112961187
Qwen2-VL-7B,4,Decoding,16,65536,12.92076171875,1238.3170859641775
Qwen2-VL-7B,4,Decoding,16,131072,19.46873046875003,821.8306800067
Qwen2-VL-7B,4,Decoding,32,512,7.282265625000001,4394.23685537425
Qwen2-VL-7B,4,Decoding,32,1024,7.385078125000007,4333.061811719151
Qwen2-VL-7B,4,Decoding,32,2048,7.616640624999983,4201.327274778711
Qwen2-VL-7B,4,Decoding,32,4096,8.055792563600804,3972.296921421291
Qwen2-VL-7B,4,Decoding,32,8192,8.93665362035225,3580.75867762442
Qwen2-VL-7B,4,Decoding,32,16384,10.645989583333336,3005.826724656682
Qwen2-VL-7B,4,Decoding,32,32768,13.780976562500014,2322.041537105326
Qwen2-VL-7B,4,Decoding,32,65536,20.1618359375,1587.1570475624007
Qwen2-VL-7B,4,Decoding,64,512,8.923750000000009,7171.872811318104
Qwen2-VL-7B,4,Decoding,64,1024,9.159140625000004,6987.555123382548
Qwen2-VL-7B,4,Decoding,64,2048,9.591367187499996,6672.667071218832
Qwen2-VL-7B,4,Decoding,64,4096,10.431467710371814,6135.282376071201
Qwen2-VL-7B,4,Decoding,64,8192,12.062929687500011,5305.510490235121
Qwen2-VL-7B,4,Decoding,64,16384,15.337298701298746,4172.833902920633
Qwen2-VL-7B,4,Decoding,64,32768,21.72541015625001,2945.8592284200604
Qwen2-VL-7B,4,Decoding,128,512,12.470859374999996,10263.927781640952
Qwen2-VL-7B,4,Decoding,128,1024,12.985078124999994,9857.468608799769
Qwen2-VL-7B,4,Decoding,128,2048,13.846171874999987,9244.43240742309
Qwen2-VL-7B,4,Decoding,128,4096,15.508496093750006,8253.540461062796
Qwen2-VL-7B,4,Decoding,128,8192,18.73763671875002,6831.170970025019
Qwen2-VL-7B,4,Decoding,128,16384,25.34618181818184,5050.070299274049
Qwen2-VL-7B,4,Decoding,256,512,18.52695312500001,13817.706466507823
Qwen2-VL-7B,4,Decoding,256,1024,19.52710937500001,13109.979315614908
Qwen2-VL-7B,4,Decoding,256,2048,21.14223529411765,12108.464239409266
Qwen2-VL-7B,4,Decoding,256,4096,24.428297455968668,10479.649695662702
Qwen2-VL-7B,4,Decoding,256,8192,30.899432485322897,8284.941806669069
Qwen2-VL-7B,4,Decoding,512,512,32.16648437499999,15917.188649870915
Qwen2-VL-7B,4,Decoding,512,1024,35.601102362204735,14381.577143059354
Qwen2-VL-7B,4,Decoding,512,2048,37.810859375,13541.083394114208
Qwen2-VL-7B,4,Decoding,512,4096,44.55100196463658,11492.446351855611
Qwen2-VL-7B,4,Decoding,1024,512,59.41503999999997,17234.693437890484
Qwen2-VL-7B,4,Decoding,1024,1024,72.36349206349209,14150.781986882796
Qwen2-VL-7B,4,Decoding,1024,2048,75.73376984126982,13521.048828629531
Qwen2-VL-7B,4,Decoding,1024,4096,84.82249999999999,12072.26856081818
Qwen2-VL-7B,4,Decoding,2048,512,116.86540983606557,17524.4326175971
Qwen2-VL-7B,4,Decoding,2048,1024,149.96808,13656.239381073628
Qwen2-VL-7B,1,Prefill,1,512,68.46,14.60706982179375
Qwen2-VL-7B,1,Prefill,1,1024,70.51,14.18238547723727
Qwen2-VL-7B,1,Prefill,1,2048,139.33,7.177205196296562
Qwen2-VL-7B,1,Prefill,1,4096,354.32,2.82230751862723
Qwen2-VL-7B,1,Prefill,1,8192,469.85,2.1283388315419813
Qwen2-VL-7B,1,Prefill,1,16384,3569.6,0.2801434334379202
Qwen2-VL-7B,1,Prefill,1,32768,4396.59,0.2274490002479194
Qwen2-VL-7B,1,Prefill,1,65536,7007.56,0.1427030235916638
Qwen2-VL-7B,1,Prefill,1,131072,16159.2,0.0618842516956284
Qwen2-VL-7B,1,Prefill,2,512,99.11,20.179598425991323
Qwen2-VL-7B,1,Prefill,2,1024,103.89,19.251131003946483
Qwen2-VL-7B,1,Prefill,2,2048,256.58,7.794839816041781
Qwen2-VL-7B,1,Prefill,2,4096,678.82,2.9462891488170646
Qwen2-VL-7B,1,Prefill,2,8192,904.85,2.2103111012875063
Qwen2-VL-7B,1,Prefill,2,16384,7088.98,0.2821280353450003
Qwen2-VL-7B,1,Prefill,2,32768,8751.85,0.2285231122562658
Qwen2-VL-7B,1,Prefill,2,65536,13922.11,0.1436563854185895
Qwen2-VL-7B,1,Prefill,2,131072,32298.75,0.0619219010023607
Qwen2-VL-7B,1,Prefill,4,512,185.05,21.615779519048903
Qwen2-VL-7B,1,Prefill,4,1024,173.84,23.00966405890474
Qwen2-VL-7B,1,Prefill,4,2048,490.51,8.154777680373488
Qwen2-VL-7B,1,Prefill,4,4096,1322.47,3.024643281133032
Qwen2-VL-7B,1,Prefill,4,8192,1817.71,2.2005710481870047
Qwen2-VL-7B,1,Prefill,4,16384,14268.44,0.2803389859017524
Qwen2-VL-7B,1,Prefill,4,32768,17538.54,0.2280691551292182
Qwen2-VL-7B,1,Prefill,4,65536,27960.76,0.1430576279042487
Qwen2-VL-7B,1,Prefill,4,131072,64738.7,0.0617868446539705
Qwen2-VL-7B,1,Prefill,8,512,259.01,30.886838346009803
Qwen2-VL-7B,1,Prefill,8,1024,258.7,30.923850019327407
Qwen2-VL-7B,1,Prefill,8,2048,898.15,8.907198129488393
Qwen2-VL-7B,1,Prefill,8,8192,3518.82,2.2734894083812187
Qwen2-VL-7B,1,Prefill,8,32768,35004.88,0.2285395636265572
Qwen2-VL-7B,1,Prefill,8,65536,55858.78,0.143218308742153
Qwen2-VL-7B,1,Prefill,8,131072,129953.08,0.0615606802085798
Qwen2-VL-7B,1,Prefill,16,512,431.32,37.09542798850042
Qwen2-VL-7B,1,Prefill,16,1024,437.13,36.60238373024043
Qwen2-VL-7B,1,Prefill,16,2048,1757.1,9.10591315235331
Qwen2-VL-7B,1,Prefill,16,4096,5078.85,3.150319462082952
Qwen2-VL-7B,1,Prefill,16,8192,6959.5,2.2990157338889285
Qwen2-VL-7B,1,Prefill,16,32768,70184.66,0.2279700435964211
Qwen2-VL-7B,1,Prefill,16,65536,111912.7,0.1429685817606044
Qwen2-VL-7B,1,Prefill,32,512,785.27,40.75031517821896
Qwen2-VL-7B,1,Prefill,32,1024,780.54,40.99725830835063
Qwen2-VL-7B,1,Prefill,32,2048,3400.34,9.41082362352
Qwen2-VL-7B,1,Prefill,32,4096,10281.82,3.112289458481086
Qwen2-VL-7B,1,Prefill,32,8192,13942.69,2.295109480308319
Qwen2-VL-7B,1,Prefill,32,32768,141050.28000000003,0.2268694539280602
Qwen2-VL-7B,1,Prefill,64,512,1491.97,42.89630488548697
Qwen2-VL-7B,1,Prefill,64,1024,1504.57,42.53707039220508
Qwen2-VL-7B,1,Prefill,64,2048,7525.91,8.503955003448088
Qwen2-VL-7B,1,Prefill,64,8192,27910.54,2.293040550272406
Qwen2-VL-7B,1,Prefill,128,512,2918.9,43.85213607865977
Qwen2-VL-7B,1,Prefill,128,1024,2922.44,43.79901725955024
Qwen2-VL-7B,1,Prefill,128,8192,36209.67,3.5349673167416333
Qwen2-VL-7B,1,Prefill,256,512,5783.77,44.26178772669037
Qwen2-VL-7B,1,Prefill,256,1024,5950.29,43.02311315919056
Qwen2-VL-7B,2,Prefill,1,512,187.19,5.342165713980448
Qwen2-VL-7B,2,Prefill,1,1024,187.22,5.341309689135776
Qwen2-VL-7B,2,Prefill,1,2048,309.62,3.229765519023319
Qwen2-VL-7B,2,Prefill,1,4096,612.84,1.6317472749820507
Qwen2-VL-7B,2,Prefill,1,8192,680.48,1.4695509052433575
Qwen2-VL-7B,2,Prefill,1,16384,3246.37,0.3080363606120067
Qwen2-VL-7B,2,Prefill,1,32768,3687.31,0.2712004143942332
Qwen2-VL-7B,2,Prefill,1,65536,5079.47,0.1968709333847822
Qwen2-VL-7B,2,Prefill,1,131072,10078.9,0.0992171764775918
Qwen2-VL-7B,2,Prefill,2,512,228.83,8.740112747454441
Qwen2-VL-7B,2,Prefill,2,1024,223.92,8.931761343336907
Qwen2-VL-7B,2,Prefill,2,2048,533.39,3.749601604829487
Qwen2-VL-7B,2,Prefill,2,4096,1090.87,1.8333990301319127
Qwen2-VL-7B,2,Prefill,2,8192,1226.19,1.6310685945897454
Qwen2-VL-7B,2,Prefill,2,16384,6385.03,0.3132326707940291
Qwen2-VL-7B,2,Prefill,2,32768,7262.82,0.2753751297705299
Qwen2-VL-7B,2,Prefill,2,65536,10044.59,0.1991121588835383
Qwen2-VL-7B,2,Prefill,2,131072,19870.27,0.1006528849381513
Qwen2-VL-7B,2,Prefill,4,512,334.74,11.949572802772302
Qwen2-VL-7B,2,Prefill,4,1024,334.97,11.941367883691075
Qwen2-VL-7B,2,Prefill,4,2048,935.37,4.276382607951933
Qwen2-VL-7B,2,Prefill,4,4096,2046.46,1.954594763640628
Qwen2-VL-7B,2,Prefill,4,8192,2311.82,1.7302385133790694
Qwen2-VL-7B,2,Prefill,4,16384,12896.64,0.3101583047987693
Qwen2-VL-7B,2,Prefill,4,32768,14609.94,0.2737862030918676
Qwen2-VL-7B,2,Prefill,4,65536,20186.97,0.1981476170024525
Qwen2-VL-7B,2,Prefill,4,131072,39749.130000000005,0.1006311333103391
Qwen2-VL-7B,2,Prefill,8,512,550.62,14.52907631397334
Qwen2-VL-7B,2,Prefill,8,1024,547.47,14.612672840520942
Qwen2-VL-7B,2,Prefill,8,2048,1689.05,4.736390278558954
Qwen2-VL-7B,2,Prefill,8,4096,3832.07,2.0876445367647247
Qwen2-VL-7B,2,Prefill,8,8192,4414.1,1.8123739833714685
Qwen2-VL-7B,2,Prefill,8,16384,25424.55,0.3146565032616113
Qwen2-VL-7B,2,Prefill,8,32768,29281.05,0.2732142460738259
Qwen2-VL-7B,2,Prefill,8,65536,40771.86,0.1962137611578181
Qwen2-VL-7B,2,Prefill,8,131072,79655.24,0.1004328152171784
Qwen2-VL-7B,2,Prefill,16,512,912.28,17.538475029596178
Qwen2-VL-7B,2,Prefill,16,1024,906.93,17.64193487920788
Qwen2-VL-7B,2,Prefill,16,2048,3177.32,5.035690456107663
Qwen2-VL-7B,2,Prefill,16,4096,7440.0,2.150537634408602
Qwen2-VL-7B,2,Prefill,16,8192,8608.68,1.8585892378390183
Qwen2-VL-7B,2,Prefill,16,16384,51695.02,0.3095075695879409
Qwen2-VL-7B,2,Prefill,16,32768,58959.42,0.2713730901694758
Qwen2-VL-7B,2,Prefill,16,65536,81630.08,0.1960061781147341
Qwen2-VL-7B,2,Prefill,16,131072,159095.8,0.1005683368134168
Qwen2-VL-7B,2,Prefill,32,512,1641.1,19.499116446286028
Qwen2-VL-7B,2,Prefill,32,1024,1623.63,19.70892383116843
Qwen2-VL-7B,2,Prefill,32,2048,6039.57,5.29839044832662
Qwen2-VL-7B,2,Prefill,32,4096,14931.37,2.143138908218067
Qwen2-VL-7B,2,Prefill,32,8192,17319.800000000003,1.847596392568043
Qwen2-VL-7B,2,Prefill,32,16384,104616.41,0.3058793548736761
Qwen2-VL-7B,2,Prefill,32,32768,117443.48,0.2724714901159264
Qwen2-VL-7B,2,Prefill,32,65536,164038.06999999998,0.1950766672638857
Qwen2-VL-7B,2,Prefill,64,512,3038.51,21.062955198436075
Qwen2-VL-7B,2,Prefill,64,1024,3048.7,20.992554203430974
Qwen2-VL-7B,2,Prefill,64,2048,12265.24,5.217998180223135
Qwen2-VL-7B,2,Prefill,64,4096,29924.81,2.138693612423938
Qwen2-VL-7B,2,Prefill,64,8192,34679.61,1.845464813473969
Qwen2-VL-7B,2,Prefill,64,16384,208759.35,0.3065730948098851
Qwen2-VL-7B,2,Prefill,64,32768,241120.44,0.2654275182974948
Qwen2-VL-7B,2,Prefill,128,512,5766.82,22.1959416108011
Qwen2-VL-7B,2,Prefill,128,1024,5781.57,22.13931509953179
Qwen2-VL-7B,2,Prefill,128,2048,23958.980000000003,5.342464495567006
Qwen2-VL-7B,2,Prefill,128,4096,60581.27,2.112864256559825
Qwen2-VL-7B,2,Prefill,128,8192,69738.7,1.8354227996793748
Qwen2-VL-7B,2,Prefill,128,16384,437329.61,0.2926854186708281
Qwen2-VL-7B,2,Prefill,256,512,11433.63,22.390089586596734
Qwen2-VL-7B,2,Prefill,256,1024,11433.39,22.39055958031695
Qwen2-VL-7B,2,Prefill,256,2048,48878.51,5.237475528611654
Qwen2-VL-7B,2,Prefill,256,4096,121150.44,2.113075280618048
Qwen2-VL-7B,2,Prefill,256,8192,154234.13999999998,1.6598140982275391
Qwen2-VL-7B,2,Prefill,512,512,23294.09,21.97982406696291
Qwen2-VL-7B,2,Prefill,512,1024,23234.53,22.03616772106
Qwen2-VL-7B,2,Prefill,512,2048,96486.87,5.306421485120204
Qwen2-VL-7B,2,Prefill,512,4096,290287.62000000005,1.7637679484919129
Qwen2-VL-7B,2,Prefill,1024,512,46892.49,21.83718544270096
Qwen2-VL-7B,2,Prefill,1024,1024,46475.990000000005,22.03288192462388
Qwen2-VL-7B,2,Prefill,1024,2048,263349.02,3.888375965857021
Qwen2-VL-7B,2,Prefill,2048,512,14702.57,139.29537489024028
Qwen2-VL-7B,2,Prefill,2048,1024,14741.56,138.9269521000491
Qwen2-VL-7B,4,Prefill,1,512,276.03,3.622794623772778
Qwen2-VL-7B,4,Prefill,1,1024,277.26,3.6067229315444
Qwen2-VL-7B,4,Prefill,1,2048,298.35,3.3517680576504105
Qwen2-VL-7B,4,Prefill,1,4096,566.79,1.7643218828843137
Qwen2-VL-7B,4,Prefill,1,8192,595.0,1.680672268907563
Qwen2-VL-7B,4,Prefill,1,16384,2545.24,0.3928902578931653
Qwen2-VL-7B,4,Prefill,1,32768,2748.65,0.3638149637094574
Qwen2-VL-7B,4,Prefill,1,65536,3495.51,0.286081287136927
Qwen2-VL-7B,4,Prefill,1,131072,6183.92,0.1617097245759971
Qwen2-VL-7B,4,Prefill,2,512,306.47,6.525924234019643
Qwen2-VL-7B,4,Prefill,2,1024,324.79,6.157825056190153
Qwen2-VL-7B,4,Prefill,2,2048,870.4,2.297794117647059
Qwen2-VL-7B,4,Prefill,2,4096,1354.85,1.476178174705687
Qwen2-VL-7B,4,Prefill,2,8192,1072.52,1.8647670905903853
Qwen2-VL-7B,4,Prefill,2,16384,4888.28,0.409141865850565
Qwen2-VL-7B,4,Prefill,2,32768,5426.68,0.3685494630234324
Qwen2-VL-7B,4,Prefill,2,65536,6914.37,0.2892526723331265
Qwen2-VL-7B,4,Prefill,2,131072,12096.19,0.1653413182167277
Qwen2-VL-7B,4,Prefill,4,512,404.11,9.898295018683031
Qwen2-VL-7B,4,Prefill,4,1024,406.11,9.849548151978528
Qwen2-VL-7B,4,Prefill,4,2048,1474.94,2.7119747243955685
Qwen2-VL-7B,4,Prefill,4,4096,1846.48,2.166283956501018
Qwen2-VL-7B,4,Prefill,4,8192,2005.59,1.994425580502496
Qwen2-VL-7B,4,Prefill,4,16384,9665.17,0.4138571799564829
Qwen2-VL-7B,4,Prefill,4,32768,11189.07,0.3574917307694026
Qwen2-VL-7B,4,Prefill,4,65536,13739.04,0.2911411568785009
Qwen2-VL-7B,4,Prefill,4,131072,24276.59,0.1647677865795814
Qwen2-VL-7B,4,Prefill,8,512,625.75,12.78465840990811
Qwen2-VL-7B,4,Prefill,8,1024,622.84,12.844390212574655
Qwen2-VL-7B,4,Prefill,8,2048,1564.78,5.112539781950178
Qwen2-VL-7B,4,Prefill,8,4096,3434.26,2.3294683570842043
Qwen2-VL-7B,4,Prefill,8,8192,3754.13,2.1309864069704565
Qwen2-VL-7B,4,Prefill,8,16384,19868.43,0.4026488252972177
Qwen2-VL-7B,4,Prefill,8,32768,21841.03,0.3662830919604066
Qwen2-VL-7B,4,Prefill,8,65536,27757.980000000003,0.2882054097596438
Qwen2-VL-7B,4,Prefill,8,131072,48533.66,0.1648340553751767
Qwen2-VL-7B,4,Prefill,16,512,959.1,16.68230632884996
Qwen2-VL-7B,4,Prefill,16,1024,968.23,16.524999225390662
Qwen2-VL-7B,4,Prefill,16,2048,2950.75,5.422350249936456
Qwen2-VL-7B,4,Prefill,16,4096,6752.01,2.3696647368709467
Qwen2-VL-7B,4,Prefill,16,8192,7598.77,2.1056039332681475
Qwen2-VL-7B,4,Prefill,16,16384,41766.58,0.3830814014458449
Qwen2-VL-7B,4,Prefill,16,32768,43772.13,0.3655293905048715
Qwen2-VL-7B,4,Prefill,16,65536,55672.87999999999,0.2873930718152178
Qwen2-VL-7B,4,Prefill,16,131072,97157.47000000002,0.1646811099547981
Qwen2-VL-7B,4,Prefill,32,512,1625.09,19.69121710182205
Qwen2-VL-7B,4,Prefill,32,1024,1624.54,19.697883708619056
Qwen2-VL-7B,4,Prefill,32,2048,5594.83,5.719566099416783
Qwen2-VL-7B,4,Prefill,32,4096,13395.88,2.388794166564645
Qwen2-VL-7B,4,Prefill,32,8192,15119.86,2.116421712899458
Qwen2-VL-7B,4,Prefill,32,16384,82470.97,0.3880153222400561
Qwen2-VL-7B,4,Prefill,32,32768,86670.54000000001,0.3692142681930907
Qwen2-VL-7B,4,Prefill,32,65536,111542.58,0.2868859587074281
Qwen2-VL-7B,4,Prefill,32,131072,193388.89,0.165469691666362
Qwen2-VL-7B,4,Prefill,64,512,3072.57,20.829468490547
Qwen2-VL-7B,4,Prefill,64,1024,2950.53,21.69101822384453
Qwen2-VL-7B,4,Prefill,64,2048,11150.65,5.739575719801088
Qwen2-VL-7B,4,Prefill,64,4096,27970.65,2.2881127181527776
Qwen2-VL-7B,4,Prefill,64,8192,29736.57,2.152232083256408
Qwen2-VL-7B,4,Prefill,64,16384,169112.56,0.378446166269377
Qwen2-VL-7B,4,Prefill,64,32768,173425.31999999998,0.3690349252346774
Qwen2-VL-7B,4,Prefill,64,65536,222612.98,0.2874944668545383
Qwen2-VL-7B,4,Prefill,64,131072,388210.2700000001,0.164859111017336
Qwen2-VL-7B,4,Prefill,128,512,5558.21,23.02899674535507
Qwen2-VL-7B,4,Prefill,128,1024,5578.43,22.945524099074472
Qwen2-VL-7B,4,Prefill,128,2048,22716.05,5.634782455576564
Qwen2-VL-7B,4,Prefill,128,4096,53923.55,2.373730957995161
Qwen2-VL-7B,4,Prefill,128,8192,60594.67999999999,2.112396665845913
Qwen2-VL-7B,4,Prefill,128,16384,342767.67000000004,0.3734307847645023
Qwen2-VL-7B,4,Prefill,128,32768,440015.7100000001,0.2908987045030732
Qwen2-VL-7B,4,Prefill,128,65536,476378.0399999999,0.2686941656672503
Qwen2-VL-7B,4,Prefill,256,512,10878.12,23.53347821130857
Qwen2-VL-7B,4,Prefill,256,1024,10788.23,23.729564534682705
Qwen2-VL-7B,4,Prefill,256,2048,45170.21,5.667452066306533
Qwen2-VL-7B,4,Prefill,256,4096,147617.66,1.7342098499596863
Qwen2-VL-7B,4,Prefill,256,8192,155005.85,1.6515505705107258
Qwen2-VL-7B,4,Prefill,256,16384,694175.9600000001,0.3687825778351644
Qwen2-VL-7B,4,Prefill,256,32768,864673.1599999999,0.2960656255364744
Qwen2-VL-7B,4,Prefill,512,512,21715.52,23.57760716759258
Qwen2-VL-7B,4,Prefill,512,1024,21565.69,23.74141518309871
Qwen2-VL-7B,4,Prefill,512,2048,96136.85,5.325741378045983
Qwen2-VL-7B,4,Prefill,512,4096,296135.41000000003,1.7289387986394464
Qwen2-VL-7B,4,Prefill,512,8192,338044.90000000014,1.5145917006882808
Qwen2-VL-7B,4,Prefill,512,16384,1317095.5,0.3887341502571378
Qwen2-VL-7B,4,Prefill,1024,512,44512.25,23.00490314463996
Qwen2-VL-7B,4,Prefill,1024,1024,43872.47000000001,23.34037723428838
Qwen2-VL-7B,4,Prefill,1024,2048,246387.55,4.156054151275096
Qwen2-VL-7B,4,Prefill,1024,4096,542482.3200000002,1.8876191209328248
Qwen2-VL-7B,4,Prefill,1024,8192,622622.3,1.6446568007602682
Qwen2-VL-7B,4,Prefill,2048,512,88600.88,23.11489456989592
Qwen2-VL-7B,4,Prefill,2048,1024,89029.99999999999,23.003481972368867
Qwen2-VL-7B,4,Prefill,2048,4096,997192.22,2.053766524572364
Qwen3-253B,8,Decoding,1,128,16.584838709677417,60.296034076984434
Qwen3-253B,8,Decoding,1,256,16.621507936507925,60.16301311649188
Qwen3-253B,8,Decoding,1,512,16.607222222222227,60.21476599872878
Qwen3-253B,8,Decoding,1,1024,16.62936507936507,60.13458693265884
Qwen3-253B,8,Decoding,1,2048,16.62444881889764,60.15237021652485
Qwen3-253B,8,Decoding,1,4096,16.774094488188975,59.61573667682169
Qwen3-253B,8,Decoding,1,8192,16.920787401574817,59.09890457620961
Qwen3-253B,8,Decoding,1,16384,17.20736220472442,58.114659766122784
Qwen3-253B,8,Decoding,1,32768,17.567755905511817,56.922466670102914
Qwen3-253B,8,Decoding,1,65536,18.27173228346457,54.72934828981559
Qwen3-253B,8,Decoding,1,131072,19.681702544031264,50.8086126067007
Qwen3-253B,8,Decoding,2,128,18.506774193548388,108.06853636854856
Qwen3-253B,8,Decoding,2,256,18.243492063492067,109.62813440757304
Qwen3-253B,8,Decoding,2,512,18.395952380952377,108.71956822800048
Qwen3-253B,8,Decoding,2,1024,18.055793650793657,110.76777009533936
Qwen3-253B,8,Decoding,2,2048,18.018740157480323,110.99555143813522
Qwen3-253B,8,Decoding,2,4096,17.950118110236218,111.4198796753032
Qwen3-253B,8,Decoding,2,8192,18.07059055118111,110.67706914920268
Qwen3-253B,8,Decoding,2,16384,18.29484251968504,109.3204272104569
Qwen3-253B,8,Decoding,2,32768,18.643031496063,107.27869018632278
Qwen3-253B,8,Decoding,2,65536,19.4603937007874,102.7728436922156
Qwen3-253B,8,Decoding,2,131072,21.40689823874752,93.42782768873558
Qwen3-253B,8,Decoding,4,128,20.40532258064517,196.02728573348185
Qwen3-253B,8,Decoding,4,256,20.056031746031746,199.44124793237995
Qwen3-253B,8,Decoding,4,512,20.24142857142857,197.61451055120327
Qwen3-253B,8,Decoding,4,1024,19.526587301587305,204.8489036112748
Qwen3-253B,8,Decoding,4,2048,19.814724409448804,201.87007991352985
Qwen3-253B,8,Decoding,4,4096,18.25086614173228,219.1676805329054
Qwen3-253B,8,Decoding,4,8192,18.35984251968504,217.866792469014
Qwen3-253B,8,Decoding,4,16384,18.668937007874025,214.2596548648117
Qwen3-253B,8,Decoding,4,32768,19.29153543307085,207.3448230120102
Qwen3-253B,8,Decoding,4,65536,20.62905511811024,193.9012706640355
Qwen3-253B,8,Decoding,8,128,22.656129032258065,353.10533359911153
Qwen3-253B,8,Decoding,8,256,22.6288888888889,353.5303937935774
Qwen3-253B,8,Decoding,8,512,22.660873015873005,353.0314120906256
Qwen3-253B,8,Decoding,8,1024,22.56087301587301,354.5962070869993
Qwen3-253B,8,Decoding,8,2048,20.61893700787402,387.9928435178271
Qwen3-253B,8,Decoding,8,4096,18.71015748031497,427.57523598702096
Qwen3-253B,8,Decoding,8,8192,18.927244094488163,422.671148533964
Qwen3-253B,8,Decoding,8,16384,19.4192125984252,411.9631503827688
Qwen3-253B,8,Decoding,8,32768,20.62165354330708,387.9417323736614
Qwen3-253B,8,Decoding,16,128,25.693548387096765,622.724419334589
Qwen3-253B,8,Decoding,16,256,25.630476190476188,624.2568370986921
Qwen3-253B,8,Decoding,16,512,26.25404761904761,609.4298384829551
Qwen3-253B,8,Decoding,16,1024,24.821111111111097,644.6125609919875
Qwen3-253B,8,Decoding,16,2048,23.05192913385828,694.0850766584857
Qwen3-253B,8,Decoding,16,4096,19.6207874015748,815.4616668806987
Qwen3-253B,8,Decoding,16,8192,20.088385826771653,796.4801222941921
Qwen3-253B,8,Decoding,16,16384,20.99043307086613,762.252019573972
Qwen3-253B,8,Decoding,32,128,33.174032258064514,964.6099018373292
Qwen3-253B,8,Decoding,32,256,33.063650793650815,967.830207248164
Qwen3-253B,8,Decoding,32,512,33.8523015873016,945.2828463516817
Qwen3-253B,8,Decoding,32,1024,32.84984126984127,974.1295167041952
Qwen3-253B,8,Decoding,32,2048,30.3646062992126,1053.8585511260133
Qwen3-253B,8,Decoding,32,4096,25.12425196850394,1273.6697609988778
Qwen3-253B,8,Decoding,32,8192,26.25326771653545,1218.8958854765726
Qwen3-253B,8,Decoding,64,128,37.46806451612904,1708.1213248271645
Qwen3-253B,8,Decoding,64,256,37.40325396825399,1711.081074772799
Qwen3-253B,8,Decoding,64,512,38.09619047619051,1679.9580010499724
Qwen3-253B,8,Decoding,64,1024,36.29103174603175,1763.5210938029638
Qwen3-253B,8,Decoding,64,2048,35.30751968503939,1812.645027770622
Qwen3-253B,8,Decoding,64,4096,28.602913385826746,2237.534307666475
Qwen3-253B,8,Decoding,128,128,43.59629032258064,2936.0296266699224
Qwen3-253B,8,Decoding,128,256,43.97714285714285,2910.6029106029114
Qwen3-253B,8,Decoding,128,512,44.6918253968254,2864.0584461133294
Qwen3-253B,8,Decoding,128,1024,43.47039682539683,2944.532586489254
Qwen3-253B,8,Decoding,128,2048,42.28521739130434,3027.062597680349
Qwen3-253B,8,Decoding,256,128,53.3308064516129,4800.227430130259
Qwen3-253B,8,Decoding,256,256,53.65992063492062,4770.786034920096
Qwen3-253B,8,Decoding,256,512,55.89793650793651,4579.77549786033
Qwen3-253B,8,Decoding,256,1024,59.92343749999998,4272.118067325495
Qwen3-253B,8,Decoding,512,128,73.44129032258066,6971.555071419786
Qwen3-253B,8,Decoding,512,256,73.72357142857147,6944.86159689186
Qwen3-253B,8,Decoding,512,512,76.94171874999998,6654.387350815452
Qwen3-253B,8,Decoding,1024,128,123.16967213114756,8313.734885237609
Qwen3-253B,8,Decoding,1024,256,122.149375,8383.178383024882
Qwen3-253B,8,Prefill,1,128,431.2,2.319109461966605
Qwen3-253B,8,Prefill,1,256,440.76,2.268808421816862
Qwen3-253B,8,Prefill,1,512,427.9,2.3369946249123625
Qwen3-253B,8,Prefill,1,1024,429.94,2.325905940363772
Qwen3-253B,8,Prefill,1,2048,455.1,2.197319270490002
Qwen3-253B,8,Prefill,1,4096,560.36,1.7845670640302664
Qwen3-253B,8,Prefill,1,8192,837.7,1.193744777366599
Qwen3-253B,8,Prefill,1,16384,1021.71,0.9787513090798756
Qwen3-253B,8,Prefill,1,32768,2154.15,0.4642202260752501
Qwen3-253B,8,Prefill,1,65536,4893.93,0.2043347575465934
Qwen3-253B,8,Prefill,1,131072,12649.839999999997,0.0790523832712508
Qwen3-253B,8,Prefill,2,128,1038.38,1.9260771586509755
Qwen3-253B,8,Prefill,2,256,1069.67,1.86973552590986
Qwen3-253B,8,Prefill,2,512,1064.41,1.8789752069221448
Qwen3-253B,8,Prefill,2,1024,1042.6,1.918281220026856
Qwen3-253B,8,Prefill,2,2048,1070.45,1.868373114110888
Qwen3-253B,8,Prefill,2,4096,1250.83,1.598938304965503
Qwen3-253B,8,Prefill,2,8192,1432.15,1.396501763083476
Qwen3-253B,8,Prefill,2,16384,1885.54,1.0607040953785123
Qwen3-253B,8,Prefill,2,32768,3021.36,0.6619535573384171
Qwen3-253B,8,Prefill,2,65536,5752.66,0.3476652539868513
Qwen3-253B,8,Prefill,2,131072,13403.45,0.1492153139676724
Qwen3-253B,8,Prefill,4,128,550.9300000000001,7.260450510954204
Qwen3-253B,8,Prefill,4,256,552.9100000000001,7.234450453057458
Qwen3-253B,8,Prefill,4,512,553.8500000000001,7.222172068249524
Qwen3-253B,8,Prefill,4,1024,602.97,6.633829212066935
Qwen3-253B,8,Prefill,4,2048,593.73,6.737069038114968
Qwen3-253B,8,Prefill,4,4096,709.16,5.640476056179142
Qwen3-253B,8,Prefill,4,8192,961.81,4.15882554766534
Qwen3-253B,8,Prefill,4,16384,1430.91,2.795423891090285
Qwen3-253B,8,Prefill,4,32768,2552.69,1.5669744465642126
Qwen3-253B,8,Prefill,4,65536,5299.8,0.7547454620929092
Qwen3-253B,8,Prefill,8,128,535.44,14.940983116689075
Qwen3-253B,8,Prefill,8,256,559.01,14.31101411423767
Qwen3-253B,8,Prefill,8,512,545.1700000000001,14.674321771190636
Qwen3-253B,8,Prefill,8,1024,600.33,13.326004031116218
Qwen3-253B,8,Prefill,8,2048,597.3199999999999,13.393156097234314
Qwen3-253B,8,Prefill,8,4096,711.2800000000001,11.247328759419636
Qwen3-253B,8,Prefill,8,8192,946.25,8.454425363276089
Qwen3-253B,8,Prefill,8,16384,1435.6699999999998,5.572311185718167
Qwen3-253B,8,Prefill,8,32768,2556.94,3.128739821818267
Qwen3-253B,8,Prefill,16,128,547.14,29.24297254815952
Qwen3-253B,8,Prefill,16,256,562.4,28.44950213371266
Qwen3-253B,8,Prefill,16,512,546.77,29.262761307313863
Qwen3-253B,8,Prefill,16,1024,580.06,27.583353446195225
Qwen3-253B,8,Prefill,16,2048,635.72,25.168313093814884
Qwen3-253B,8,Prefill,16,4096,720.21,22.215742630621623
Qwen3-253B,8,Prefill,16,8192,943.08,16.965686898248293
Qwen3-253B,8,Prefill,16,16384,1421.84,11.25302425026726
Qwen3-253B,8,Prefill,32,128,546.48,58.55658029571073
Qwen3-253B,8,Prefill,32,256,582.66,54.92053684824769
Qwen3-253B,8,Prefill,32,512,556.95,57.45578597719723
Qwen3-253B,8,Prefill,32,1024,576.92,55.46696249046661
Qwen3-253B,8,Prefill,32,2048,614.9399999999999,52.03759716395096
Qwen3-253B,8,Prefill,32,4096,745.16,42.943797305276725
Qwen3-253B,8,Prefill,32,8192,946.96,33.79234603362338
Qwen3-253B,8,Prefill,64,128,467.67,136.8486325828041
Qwen3-253B,8,Prefill,64,256,535.18,119.585933704548
Qwen3-253B,8,Prefill,64,512,560.61,114.16135994720037
Qwen3-253B,8,Prefill,64,1024,579.38,110.46290862646276
Qwen3-253B,8,Prefill,64,2048,1060.37,60.35629072870791
Qwen3-253B,8,Prefill,64,4096,1071.56,59.72600694314831
Qwen3-253B,8,Prefill,128,128,512.11,249.9463005994805
Qwen3-253B,8,Prefill,128,256,857.01,149.35648358828954
Qwen3-253B,8,Prefill,128,512,617.86,207.16667206163208
Qwen3-253B,8,Prefill,128,1024,971.92,131.69808214667873
Qwen3-253B,8,Prefill,128,2048,1132.37,113.03725814000724
Qwen3-253B,8,Prefill,256,128,929.86,275.3102617598348
Qwen3-253B,8,Prefill,256,256,963.57,265.6786740973671
Qwen3-253B,8,Prefill,256,512,991.03,258.3171044267076
Qwen3-253B,8,Prefill,512,128,1183.29,432.69190139357215
Qwen3-253B,8,Prefill,512,256,1166.64,438.8671741068367
Qwen3-253B,8,Prefill,1024,128,1669.83,613.2360779241001
Qwen3-30B,4,Decoding,1,128,9.419193548387096,106.16620147605268
Qwen3-30B,4,Decoding,1,256,8.349920634920633,119.76161735212771
Qwen3-30B,4,Decoding,1,512,8.710158730158726,114.80847031380988
Qwen3-30B,4,Decoding,1,1024,9.571507936507937,104.47674563229162
Qwen3-30B,4,Decoding,1,2048,8.271338582677163,120.8994154941645
Qwen3-30B,4,Decoding,1,4096,8.544527559055114,117.03397210536748
Qwen3-30B,4,Decoding,1,8192,10.478267716535434,95.43562228534498
Qwen3-30B,4,Decoding,1,16384,11.465748031496068,87.2162895306115
Qwen3-30B,4,Decoding,1,32768,12.060078740157486,82.9181982593707
Qwen3-30B,4,Decoding,1,65536,11.919763779527548,83.8942799955081
Qwen3-30B,4,Decoding,1,131072,13.154706457925634,76.01841996234783
Qwen3-30B,4,Decoding,2,128,9.797096774193548,204.1421092489546
Qwen3-30B,4,Decoding,2,256,9.49888888888889,210.55094163060005
Qwen3-30B,4,Decoding,2,512,10.585555555555556,188.93670620342183
Qwen3-30B,4,Decoding,2,1024,10.64547619047619,187.87323030126817
Qwen3-30B,4,Decoding,2,2048,10.756377952755908,185.93619606752264
Qwen3-30B,4,Decoding,2,4096,10.100196850393695,198.01594262215207
Qwen3-30B,4,Decoding,2,8192,9.427637795275592,212.14221880715937
Qwen3-30B,4,Decoding,2,16384,10.110629921259848,197.81161169736367
Qwen3-30B,4,Decoding,2,32768,11.155748031496058,179.2797752650377
Qwen3-30B,4,Decoding,2,65536,13.589527559055108,147.1721508572489
Qwen3-30B,4,Decoding,2,131072,16.227358121330713,123.24865113878386
Qwen3-30B,4,Decoding,4,128,14.187419354838708,281.93992860553425
Qwen3-30B,4,Decoding,4,256,12.990952380952384,307.9066016641618
Qwen3-30B,4,Decoding,4,512,10.685873015873016,374.32599040418296
Qwen3-30B,4,Decoding,4,1024,9.92396825396825,403.0645703043779
Qwen3-30B,4,Decoding,4,2048,10.1303937007874,394.8513866434523
Qwen3-30B,4,Decoding,4,4096,10.087165354330708,396.5435144059263
Qwen3-30B,4,Decoding,4,8192,10.04192913385826,398.3298374924042
Qwen3-30B,4,Decoding,4,16384,10.731062992125986,372.7496523815987
Qwen3-30B,4,Decoding,4,32768,10.14527559055118,394.272187512127
Qwen3-30B,4,Decoding,4,65536,12.720039370078736,314.46443549610177
Qwen3-30B,4,Decoding,8,128,11.552580645161289,692.4859687822859
Qwen3-30B,4,Decoding,8,256,10.877301587301591,735.476527500109
Qwen3-30B,4,Decoding,8,512,11.858809523809525,674.6039713293312
Qwen3-30B,4,Decoding,8,1024,12.230873015873009,654.0825000486672
Qwen3-30B,4,Decoding,8,2048,13.05795275590551,612.6534648689067
Qwen3-30B,4,Decoding,8,4096,10.823110236220472,739.1590610642872
Qwen3-30B,4,Decoding,8,8192,11.26539370078741,710.1394067959498
Qwen3-30B,4,Decoding,8,16384,11.591383399209482,690.1678362692749
Qwen3-30B,4,Decoding,8,32768,13.262727272727274,603.1941874014668
Qwen3-30B,4,Decoding,16,128,17.153064516129028,932.7779292706092
Qwen3-30B,4,Decoding,16,256,17.78023809523809,899.8754636635111
Qwen3-30B,4,Decoding,16,512,17.280396825396828,925.9046630506168
Qwen3-30B,4,Decoding,16,1024,15.338809523809529,1043.105723111311
Qwen3-30B,4,Decoding,16,2048,15.463464566929137,1034.696974326072
Qwen3-30B,4,Decoding,16,4096,12.271377952755904,1303.8470546338865
Qwen3-30B,4,Decoding,16,8192,13.709604743082997,1167.0650102492996
Qwen3-30B,4,Decoding,16,16384,15.957888446215147,1002.6389176692634
Qwen3-30B,4,Decoding,32,128,19.28209677419355,1659.5705526604152
Qwen3-30B,4,Decoding,32,256,19.11611111111112,1673.9806445987963
Qwen3-30B,4,Decoding,32,512,19.12992063492064,1672.7722299895863
Qwen3-30B,4,Decoding,32,1024,18.221507936507944,1756.16640025088
Qwen3-30B,4,Decoding,32,2048,19.03496062992127,1681.1172149050228
Qwen3-30B,4,Decoding,32,4096,17.25539370078739,1854.4926041612007
Qwen3-30B,4,Decoding,32,8192,19.71575396825398,1623.0675251641874
Qwen3-30B,4,Decoding,64,128,19.511935483870968,3280.04364574206
Qwen3-30B,4,Decoding,64,256,19.6031746031746,3264.777327935224
Qwen3-30B,4,Decoding,64,512,19.51626984126985,3279.3151826925027
Qwen3-30B,4,Decoding,64,1024,19.686666666666667,3250.931256349475
Qwen3-30B,4,Decoding,64,2048,21.569960629921265,2967.089328444157
Qwen3-30B,4,Decoding,64,4096,19.11433070866141,3348.2731347218573
Qwen3-30B,4,Decoding,128,128,27.05161290322581,4731.69568328166
Qwen3-30B,4,Decoding,128,256,27.14492063492064,4715.4309906264425
Qwen3-30B,4,Decoding,128,512,27.10992063492064,4721.518802055126
Qwen3-30B,4,Decoding,128,1024,27.183174603174606,4708.795123033622
Qwen3-30B,4,Decoding,128,2048,27.862125984251943,4594.050004380403
Qwen3-30B,4,Decoding,256,128,32.09516129032259,7976.280215086183
Qwen3-30B,4,Decoding,256,256,31.522460317460315,8121.1935052608
Qwen3-30B,4,Decoding,256,512,27.40396825396825,9341.71276318457
Qwen3-30B,4,Decoding,256,1024,28.37375000000001,9022.423895325785
Qwen3-30B,4,Decoding,512,128,38.87177419354838,13171.510964502811
Qwen3-30B,4,Decoding,512,256,38.39,13336.806460015629
Qwen3-30B,4,Decoding,512,512,41.337187500000006,12385.94183506074
Qwen3-30B,4,Decoding,1024,128,176.0745901639344,5815.717072216973
Qwen3-30B,4,Decoding,1024,256,177.61937500000002,5765.136826993113
Qwen3-30B,2,Decoding,1,128,7.916451612903226,126.31922089564402
Qwen3-30B,2,Decoding,1,256,8.009365079365079,124.85384173289208
Qwen3-30B,2,Decoding,1,512,7.878174603174606,126.93295723568222
Qwen3-30B,2,Decoding,1,1024,7.999126984126985,125.01364236176565
Qwen3-30B,2,Decoding,1,2048,7.929606299212601,126.10966575973622
Qwen3-30B,2,Decoding,1,4096,7.954763779527566,125.71083538314574
Qwen3-30B,2,Decoding,1,8192,8.137401574803143,122.8893512022837
Qwen3-30B,2,Decoding,1,16384,8.26385826771654,121.00885174986418
Qwen3-30B,2,Decoding,1,32768,8.732677165354332,114.51242054010187
Qwen3-30B,2,Decoding,1,65536,9.155275590551181,109.22664097977159
Qwen3-30B,2,Decoding,1,131072,10.519882583170237,95.05809519203238
Qwen3-30B,2,Decoding,2,128,8.777741935483872,227.84903164161548
Qwen3-30B,2,Decoding,2,256,8.715079365079355,229.4872962389585
Qwen3-30B,2,Decoding,2,512,8.867142857142857,225.55179635894956
Qwen3-30B,2,Decoding,2,1024,8.688333333333329,230.19374640322283
Qwen3-30B,2,Decoding,2,2048,8.80944881889764,227.02895959957092
Qwen3-30B,2,Decoding,2,4096,8.790314960629917,227.52313301145685
Qwen3-30B,2,Decoding,2,8192,8.9798031496063,222.722031505522
Qwen3-30B,2,Decoding,2,16384,9.187322834645663,217.69127263689282
Qwen3-30B,2,Decoding,2,32768,9.544488188976386,209.54502330569633
Qwen3-30B,2,Decoding,2,65536,10.475511811023619,190.92145912100966
Qwen3-30B,2,Decoding,2,131072,12.090743639921715,165.41579737050395
Qwen3-30B,2,Decoding,4,128,9.612580645161293,416.12134635390436
Qwen3-30B,2,Decoding,4,256,9.728015873015874,411.18353960497006
Qwen3-30B,2,Decoding,4,512,9.855793650793654,405.8526529396132
Qwen3-30B,2,Decoding,4,1024,9.465793650793648,422.5741810529141
Qwen3-30B,2,Decoding,4,2048,9.955236220472441,401.798602405255
Qwen3-30B,2,Decoding,4,4096,9.024291338582682,443.2481011443303
Qwen3-30B,2,Decoding,4,8192,9.104881889763782,439.3247543932474
Qwen3-30B,2,Decoding,4,16384,9.445708661417322,423.4727264391196
Qwen3-30B,2,Decoding,4,32768,10.129015748031495,394.9051022827536
Qwen3-30B,2,Decoding,4,65536,11.1738188976378,357.9796698553634
Qwen3-30B,2,Decoding,8,128,10.89564516129032,734.2383017778635
Qwen3-30B,2,Decoding,8,256,10.894047619047614,734.3459731176924
Qwen3-30B,2,Decoding,8,512,10.870317460317459,735.9490676518261
Qwen3-30B,2,Decoding,8,1024,10.771507936507934,742.7000979951521
Qwen3-30B,2,Decoding,8,2048,10.152795275590554,787.9603382955702
Qwen3-30B,2,Decoding,8,4096,9.175472440944878,871.8897093843999
Qwen3-30B,2,Decoding,8,8192,9.530157480314958,839.4404831740105
Qwen3-30B,2,Decoding,8,16384,10.384685039370087,770.3652031497013
Qwen3-30B,2,Decoding,8,32768,11.286181102362201,708.8314397440953
Qwen3-30B,2,Decoding,16,128,12.042096774193547,1328.6722653058491
Qwen3-30B,2,Decoding,16,256,12.185476190476187,1313.038550968171
Qwen3-30B,2,Decoding,16,512,12.375158730158734,1292.9127091523594
Qwen3-30B,2,Decoding,16,1024,11.70753968253968,1366.6406806087518
Qwen3-30B,2,Decoding,16,2048,11.723937007874012,1364.72927048773
Qwen3-30B,2,Decoding,16,4096,10.045157480314964,1592.80728364433
Qwen3-30B,2,Decoding,16,8192,10.87098814229248,1471.8073270408252
Qwen3-30B,2,Decoding,16,16384,11.610198412698411,1378.098756908438
Qwen3-30B,2,Decoding,32,128,13.663870967741937,2341.942490202559
Qwen3-30B,2,Decoding,32,256,13.992301587301588,2286.971860943943
Qwen3-30B,2,Decoding,32,512,14.039519999999998,2279.2802033117946
Qwen3-30B,2,Decoding,32,1024,13.623680000000007,2348.851411659697
Qwen3-30B,2,Decoding,32,2048,13.492440944881888,2371.6983554512885
Qwen3-30B,2,Decoding,32,4096,11.354861660079054,2818.1761220838343
Qwen3-30B,2,Decoding,32,8192,12.651553784860551,2529.333593656513
Qwen3-30B,2,Decoding,64,128,16.01161290322581,3997.098879845272
Qwen3-30B,2,Decoding,64,256,16.440714285714282,3892.7749055046284
Qwen3-30B,2,Decoding,64,512,16.413015873015873,3899.3443066865248
Qwen3-30B,2,Decoding,64,1024,15.98531746031746,4003.6740064046867
Qwen3-30B,2,Decoding,64,2048,16.818976377952758,3805.2256309661466
Qwen3-30B,2,Decoding,64,4096,14.232817460317458,4496.650096050097
Qwen3-30B,2,Decoding,128,128,19.08387096774194,6707.234617985123
Qwen3-30B,2,Decoding,128,256,19.55746031746033,6544.817063273054
Qwen3-30B,2,Decoding,128,512,20.25261904761904,6320.170230775563
Qwen3-30B,2,Decoding,128,1024,20.661666666666672,6195.047188836007
Qwen3-30B,2,Decoding,128,2048,22.05088888888888,5804.754658416393
Qwen3-30B,2,Decoding,256,128,26.20693548387098,9768.406540991977
Qwen3-30B,2,Decoding,256,256,26.667679999999997,9599.635213861875
Qwen3-30B,2,Decoding,256,512,27.18547619047619,9416.79293039876
Qwen3-30B,2,Decoding,256,1024,30.665156250000006,8348.237260327018
Qwen3-30B,2,Decoding,512,128,36.14540983606558,14165.00746075732
Qwen3-30B,2,Decoding,512,256,36.83176,13901.046270935734
Qwen3-30B,2,Decoding,512,512,39.0321875,13117.37908617087
Qwen3-30B,2,Decoding,1024,128,97.16847457627117,10538.397401682212
Qwen3-30B,2,Decoding,1024,256,96.56015625,10604.788142107009
Qwen3-30B,4,Prefill,1,128,1831.45,0.5460154522372983
Qwen3-30B,4,Prefill,1,256,2466.2,0.4054821182385857
Qwen3-30B,4,Prefill,1,512,1964.93,0.5089239820248049
Qwen3-30B,4,Prefill,1,1024,1977.6,0.505663430420712
Qwen3-30B,4,Prefill,1,2048,2724.61,0.3670250054136188
Qwen3-30B,4,Prefill,1,4096,603.14,1.657989853102099
Qwen3-30B,4,Prefill,1,8192,647.0,1.5455950540958268
Qwen3-30B,4,Prefill,1,16384,256.32,3.9013732833957553
Qwen3-30B,4,Prefill,1,32768,535.92,1.8659501418122109
Qwen3-30B,4,Prefill,1,65536,1364.33,0.7329605007586142
Qwen3-30B,4,Prefill,1,131072,4070.19,0.2456887761996368
Qwen3-30B,4,Prefill,2,128,667.9499999999999,2.994236095516132
Qwen3-30B,4,Prefill,2,256,1557.96,1.283730005905158
Qwen3-30B,4,Prefill,2,512,724.91,2.758963181636341
Qwen3-30B,4,Prefill,2,1024,1591.6999999999998,1.2565181881007728
Qwen3-30B,4,Prefill,2,2048,1504.73,1.3291421052281804
Qwen3-30B,4,Prefill,2,4096,1636.57,1.2220681058555394
Qwen3-30B,4,Prefill,2,8192,1599.55,1.25035166140477
Qwen3-30B,4,Prefill,2,16384,1614.2299999999998,1.2389808143820895
Qwen3-30B,4,Prefill,2,32768,1835.65,1.0895323182523902
Qwen3-30B,4,Prefill,2,65536,2871.8,0.6964273278083432
Qwen3-30B,4,Prefill,2,131072,5261.92,0.3800893970261805
Qwen3-30B,4,Prefill,4,128,570.63,7.009796190175771
Qwen3-30B,4,Prefill,4,256,1220.0700000000002,3.2785004139106766
Qwen3-30B,4,Prefill,4,512,678.9799999999999,5.891189725765119
Qwen3-30B,4,Prefill,4,1024,1815.98,2.2026674302580425
Qwen3-30B,4,Prefill,4,2048,1760.48,2.272107607016268
Qwen3-30B,4,Prefill,4,4096,1767.14,2.2635444843079777
Qwen3-30B,4,Prefill,4,8192,1899.41,2.105917100573336
Qwen3-30B,4,Prefill,4,16384,1850.42,2.1616714043298275
Qwen3-30B,4,Prefill,4,32768,2877.21,1.3902356797036015
Qwen3-30B,4,Prefill,4,65536,3668.82,1.0902688057740637
Qwen3-30B,4,Prefill,8,128,2131.83,3.752644441629961
Qwen3-30B,4,Prefill,8,256,2336.6400000000003,3.423719528896192
Qwen3-30B,4,Prefill,8,512,2048.62,3.9050678017397074
Qwen3-30B,4,Prefill,8,1024,2131.29,3.753595240441235
Qwen3-30B,4,Prefill,8,2048,2029.37,3.942110112990732
Qwen3-30B,4,Prefill,8,4096,2093.73,3.820932020843185
Qwen3-30B,4,Prefill,8,8192,2178.43,3.672369550547872
Qwen3-30B,4,Prefill,8,16384,2281.7,3.506157689442083
Qwen3-30B,4,Prefill,8,32768,3503.32,2.283548177157668
Qwen3-30B,4,Prefill,16,128,4184.49,3.823643980508976
Qwen3-30B,4,Prefill,16,256,2042.65,7.832962083567914
Qwen3-30B,4,Prefill,16,512,2359.66,6.780637888509362
Qwen3-30B,4,Prefill,16,1024,2599.72,6.154508947117383
Qwen3-30B,4,Prefill,16,2048,2550.8500000000004,6.272418997589038
Qwen3-30B,4,Prefill,16,4096,2626.53,6.09168751165987
Qwen3-30B,4,Prefill,16,8192,1390.76,11.504501136069488
Qwen3-30B,4,Prefill,16,16384,627.2800000000001,25.5069506440505
Qwen3-30B,4,Prefill,32,128,2329.11,13.739153582269624
Qwen3-30B,4,Prefill,32,256,2233.34,14.328315437864363
Qwen3-30B,4,Prefill,32,512,2090.33,15.30858763927227
Qwen3-30B,4,Prefill,32,1024,1869.53,17.116601498772418
Qwen3-30B,4,Prefill,32,2048,2172.12,14.732151078209307
Qwen3-30B,4,Prefill,32,4096,4240.66,7.545995198860554
Qwen3-30B,4,Prefill,32,8192,3482.06,9.189962263717456
Qwen3-30B,4,Prefill,64,128,2116.09,30.244460301783
Qwen3-30B,4,Prefill,64,256,2210.29,28.955476430694613
Qwen3-30B,4,Prefill,64,512,2107.04,30.37436403675298
Qwen3-30B,4,Prefill,64,1024,2088.99,30.636814920128867
Qwen3-30B,4,Prefill,64,2048,2743.83,23.325060226034413
Qwen3-30B,4,Prefill,64,4096,2859.82,22.379030848095333
Qwen3-30B,4,Prefill,128,128,2546.12,50.27257159913909
Qwen3-30B,4,Prefill,128,256,3138.83,40.779526129162775
Qwen3-30B,4,Prefill,128,512,2932.95,43.64206686101025
Qwen3-30B,4,Prefill,128,1024,3800.63,33.67862696447694
Qwen3-30B,4,Prefill,128,2048,4938.299999999999,25.91985096085698
Qwen3-30B,4,Prefill,256,128,4453.77,57.47939386182941
Qwen3-30B,4,Prefill,256,256,3258.42,78.56568520939597
Qwen3-30B,4,Prefill,256,512,862.62,296.7703044214138
Qwen3-30B,4,Prefill,512,128,5492.120000000001,93.22447433777847
Qwen3-30B,4,Prefill,512,256,1385.26,369.6057057880831
Qwen3-30B,4,Prefill,1024,128,2604.62,393.1475608726033
Qwen3-30B,2,Prefill,1,128,142.06,7.039279177812192
Qwen3-30B,2,Prefill,1,256,403.51,2.4782533270550915
Qwen3-30B,2,Prefill,1,512,392.86,2.545436033192486
Qwen3-30B,2,Prefill,1,1024,396.92,2.519399375188955
Qwen3-30B,2,Prefill,1,2048,396.97,2.519082046502254
Qwen3-30B,2,Prefill,1,4096,389.05,2.5703637064644647
Qwen3-30B,2,Prefill,1,8192,477.76,2.0931011386470195
Qwen3-30B,2,Prefill,1,16384,347.7,2.876042565429968
Qwen3-30B,2,Prefill,1,32768,836.0500000000001,1.1961007116799234
Qwen3-30B,2,Prefill,1,65536,2388.28,0.4187113738757599
Qwen3-30B,2,Prefill,1,131072,8003.99,0.12493768732844494
Qwen3-30B,2,Prefill,2,128,260.72,7.671064743786437
Qwen3-30B,2,Prefill,2,256,1014.59,1.9712396140312833
Qwen3-30B,2,Prefill,2,512,1053.98,1.8975692138370748
Qwen3-30B,2,Prefill,2,1024,1021.18,1.9585185765486985
Qwen3-30B,2,Prefill,2,2048,1008.6,1.98294665873488
Qwen3-30B,2,Prefill,2,4096,1075.13,1.860240157004269
Qwen3-30B,2,Prefill,2,8192,1122.3000000000002,1.7820547090795686
Qwen3-30B,2,Prefill,2,16384,1263.0,1.5835312747426762
Qwen3-30B,2,Prefill,2,32768,1758.1899999999998,1.1375334861419983
Qwen3-30B,2,Prefill,2,65536,3305.2,0.6051071039574005
Qwen3-30B,2,Prefill,2,131072,7818.990000000001,0.255787512197867
Qwen3-30B,2,Prefill,4,128,505.04,7.920164739426579
Qwen3-30B,2,Prefill,4,256,515.36,7.76156473144986
Qwen3-30B,2,Prefill,4,512,504.33,7.931314813713244
Qwen3-30B,2,Prefill,4,1024,515.32,7.762167197081425
Qwen3-30B,2,Prefill,4,2048,526.1300000000001,7.602683747362818
Qwen3-30B,2,Prefill,4,4096,528.09,7.574466473517771
Qwen3-30B,2,Prefill,4,8192,613.1,6.5242211710977
Qwen3-30B,2,Prefill,4,16384,728.48,5.490885130683066
Qwen3-30B,2,Prefill,4,32768,1232.1,3.2464897329762197
Qwen3-30B,2,Prefill,4,65536,2793.1800000000003,1.432059516393501
Qwen3-30B,2,Prefill,8,128,770.2099999999999,10.38677763207437
Qwen3-30B,2,Prefill,8,256,497.03,16.09560791099129
Qwen3-30B,2,Prefill,8,512,542.86,14.736764543344508
Qwen3-30B,2,Prefill,8,1024,538.13,14.866296248118484
Qwen3-30B,2,Prefill,8,2048,513.6999999999999,15.57329180455519
Qwen3-30B,2,Prefill,8,4096,532.86,15.013324325338738
Qwen3-30B,2,Prefill,8,8192,596.6999999999999,13.407072230601644
Qwen3-30B,2,Prefill,8,16384,1093.72,7.314486340196759
Qwen3-30B,2,Prefill,8,32768,1248.4,6.408202499198974
Qwen3-30B,2,Prefill,16,128,1094.2,14.622555291537195
Qwen3-30B,2,Prefill,16,256,1099.54,14.551539734798189
Qwen3-30B,2,Prefill,16,512,1106.02,14.466284515650711
Qwen3-30B,2,Prefill,16,1024,1173.05,13.639657303610248
Qwen3-30B,2,Prefill,16,2048,1149.0700000000002,13.924304002367128
Qwen3-30B,2,Prefill,16,4096,1533.53,10.433444406043572
Qwen3-30B,2,Prefill,16,8192,1069.46,14.960821349092065
Qwen3-30B,2,Prefill,16,16384,1484.76,10.776152374794579
Qwen3-30B,2,Prefill,32,128,520.65,61.461634495342366
Qwen3-30B,2,Prefill,32,256,537.09,59.58033104321435
Qwen3-30B,2,Prefill,32,512,529.73,60.40813244483038
Qwen3-30B,2,Prefill,32,1024,531.46,60.211492868701306
Qwen3-30B,2,Prefill,32,2048,904.92,35.36224196614066
Qwen3-30B,2,Prefill,32,4096,945.9299999999998,33.82914169124566
Qwen3-30B,2,Prefill,32,8192,1842.25,17.370063780702946
Qwen3-30B,2,Prefill,64,128,829.11,77.19120502707723
Qwen3-30B,2,Prefill,64,256,527.28,121.37763617053558
Qwen3-30B,2,Prefill,64,512,588.04,108.83613359635399
Qwen3-30B,2,Prefill,64,1024,903.79,70.81291007866872
Qwen3-30B,2,Prefill,64,2048,1077.12,59.417706476530014
Qwen3-30B,2,Prefill,64,4096,1378.3,46.43401291445985
Qwen3-30B,2,Prefill,128,128,835.6800000000001,153.16867700555235
Qwen3-30B,2,Prefill,128,256,803.36,159.33081059549892
Qwen3-30B,2,Prefill,128,512,984.53,130.0112744152032
Qwen3-30B,2,Prefill,128,1024,944.45,135.52861453756154
Qwen3-30B,2,Prefill,128,2048,734.8800000000002,174.1780971042891
Qwen3-30B,2,Prefill,256,128,832.81,307.3930428308978
Qwen3-30B,2,Prefill,256,256,848.49,301.7124538886728
Qwen3-30B,2,Prefill,256,512,871.0,293.9150401836969
Qwen3-30B,2,Prefill,512,128,1031.83,496.20577033038387
Qwen3-30B,2,Prefill,512,256,919.93,556.5640863978781
Qwen3-30B,2,Prefill,1024,128,1455.99,703.3015336643795
